id,original_title,original_language,genre,budget,revenue,popularity,release_date,runtime,vote_average,vote_count,title
21349,Anywhere But Here,en,Drama,23000000,18653615,8.976738,1999-11-12,114,5.9,66,Anywhere But Here
19150,The Crew,en,Action,0,0,2.634119,2000-08-21,88,6.4,11,The Crew
70435,Haywire,en,Action,23000000,33372606,26.257951,2011-11-06,93,5.6,505,Haywire
580,Jaws: The Revenge,en,Adventure,23000000,51881013,12.777008,1987-07-17,89,3.5,224,Jaws: The Revenge
9819,Marvin's Room,en,Drama,0,0,6.130231,1996-12-18,98,6.6,124,Marvin's Room
13579,The Longshots,en,Drama,0,0,4.030724,2008-08-22,94,6.5,11,The Longshots
20024,The End of the Affair,en,Drama,23000000,10827816,6.921263,1999-12-03,102,6.6,55,The End of the Affair
2453,Harley Davidson and the Marlboro Man,en,Action,23000000,7434726,12.869436,1991-08-23,98,6.1,82,Harley Davidson and the Marlboro Man
6973,In the Valley of Elah,en,History,23000000,29541790,15.676123,2007-08-31,124,6.6,261,In the Valley of Elah
11156,Coco avant Chanel,fr,Drama,0,0,8.426589,2009-04-22,110,6.6,246,Coco Before Chanel
354110,Forsaken,en,Western,11000000,0,11.071522,2015-09-16,90,5.8,101,Forsaken
22215,Chéri,en,Drama,23000000,9366227,5.494047,2009-02-10,86,5.9,56,Cheri
11632,Vanity Fair,en,Drama,23000000,16123851,6.618149,2004-09-01,141,5.5,73,Vanity Fair
30596,十月圍城,cn,Drama,23000000,5837674,7.876883,2009-12-18,139,6.5,57,Bodyguards and Assassins
3021,1408,en,Horror,25000000,94679598,35.169779,2007-07-12,104,6.5,1343,1408
957,Spaceballs,en,Comedy,22700000,38119483,39.890798,1987-06-24,96,6.7,902,Spaceballs
256917,The Water Diviner,en,War,22500000,15520023,22.096286,2014-12-25,112,6.8,431,The Water Diviner
251,Ghost,en,Fantasy,22000000,505000000,41.967005,1990-07-12,127,6.9,1339,Ghost
544,There's Something About Mary,en,Romance,23000000,369884651,57.110486,1998-07-15,119,6.5,1590,There's Something About Mary
11395,The Santa Clause,en,Fantasy,22000000,189833357,16.234053,1994-11-10,97,6.3,489,The Santa Clause
14635,The Rookie,en,Drama,20000000,75597042,11.263361,2002-03-25,127,6.5,110,The Rookie
13680,The Game Plan,en,Comedy,22000000,147880543,20.699212,2007-09-28,110,6,428,The Game Plan
688,The Bridges of Madison County,en,Drama,24000000,182016617,17.606087,1995-05-28,135,7.3,385,The Bridges of Madison County
11090,The Animal,en,Action,22000000,84772742,13.786075,2001-06-01,84,4.6,304,The Animal
783,Gandhi,en,Drama,22000000,77737889,35.227212,1982-11-30,191,7.4,716,Gandhi
228194,The Hundred-Foot Journey,en,Drama,22000000,88880821,27.898438,2014-08-06,122,7.3,508,The Hundred-Foot Journey
1642,The Net,en,Crime,22000000,110627965,23.218144,1995-07-28,114,5.6,354,The Net
10950,I Am Sam,en,Drama,22000000,92542418,26.071644,2001-12-28,132,7.2,530,I Am Sam
235260,Son of God,en,Drama,22000000,67800064,9.175762,2014-02-28,138,5.9,83,Son of God
277,Underworld,en,Fantasy,22000000,95708457,81.829237,2003-09-19,121,6.6,2512,Underworld
8999,Derailed,en,Drama,22000000,57479076,17.7091,2005-11-11,108,6.1,319,Derailed
11323,The Informant!,en,Drama,22000000,35424826,17.772518,2009-09-18,108,6,301,The Informant!
10445,Shadowlands,en,Drama,22000000,0,5.609755,1993-12-25,131,6.8,61,Shadowlands
11453,Deuce Bigalow: European Gigolo,en,Comedy,22000000,22400154,10.259461,2005-08-06,83,4.7,225,Deuce Bigalow: European Gigolo
146239,Delivery Man,en,Comedy,26000000,51164106,30.114383,2013-10-10,105,6.2,551,Delivery Man
205588,Our Kind of Traitor,en,Thriller,0,9930095,10.547959,2016-05-05,108,6,160,Our Kind of Traitor
10878,Saving Silverman,en,Comedy,22000000,19351569,12.887673,2001-02-09,90,5.4,154,Saving Silverman
82650,Diary of a Wimpy Kid: Dog Days,en,Comedy,22000000,77112176,13.410919,2012-08-02,94,6,223,Diary of a Wimpy Kid: Dog Days
10279,Summer of Sam,en,Thriller,0,0,3.70789,1999-07-02,142,6.3,112,Summer of Sam
2294,Jay and Silent Bob Strike Back,en,Comedy,22000000,33788161,21.865021,2001-08-22,104,6.4,480,Jay and Silent Bob Strike Back
2176,The Glass House,en,Drama,30000000,23619609,9.448517,2001-09-14,106,5.4,201,The Glass House
270487,"Hail, Caesar!",en,Comedy,22000000,63647656,39.006187,2016-02-05,106,5.7,1309,"Hail, Caesar!"
19366,Josie and the Pussycats,en,Comedy,22000000,0,6.404571,2001-04-06,98,5.3,72,Josie and the Pussycats
204082,Homefront,en,Action,22000000,43058898,35.737655,2013-11-27,100,6.4,875,Homefront
24100,The Little Vampire,en,Family,22000000,13555988,4.365196,2000-10-27,95,6.1,77,The Little Vampire
1599,I Heart Huckabees,en,Comedy,22000000,0,14.925633,2004-09-10,106,6.2,239,I Heart Huckabees
5550,RoboCop 3,en,Action,22000000,10696210,14.725467,1993-04-17,104,4.2,305,RoboCop 3
30379,Megiddo: The Omega Code 2,en,Action,0,0,0.809588,2001-09-07,104,3.6,8,Megiddo: The Omega Code 2
42586,Darling Lili,en,Drama,0,0,0.816883,1970-01-01,107,4.9,8,Darling Lili
17709,Dudley Do-Right,en,Comedy,70000000,0,8.792054,1999-08-27,77,3.8,48,Dudley Do-Right
287948,The Transporter Refueled,en,Thriller,25000000,72629670,25.002715,2015-09-03,96,5.2,559,The Transporter Refueled
7548,The Libertine,en,Drama,0,0,7.588597,2004-09-16,114,5.9,128,The Libertine
9075,Zwartboek,nl,Drama,21000000,26193068,13.906611,2006-09-01,145,7.2,277,Black Book
11661,Joyeux Noël,fr,Romance,22000000,17709155,13.960945,2005-11-09,116,7.2,212,Joyeux Noël
109513,Hit & Run,en,Action,2000000,14400000,16.668854,2012-08-22,100,5.5,224,Hit & Run
12085,Mad Money,en,Action,0,0,6.847133,2008-01-17,104,5.9,140,Mad Money
204922,Before I Go to Sleep,en,Mystery,22000000,15447154,48.784734,2014-09-03,92,6.2,659,Before I Go to Sleep
38985,Sorcerer,en,Action,22000000,12000000,9.088209,1977-06-24,121,7.4,98,Sorcerer
44113,Stone,en,Drama,22000000,9479718,12.445176,2010-10-07,105,5.2,192,Stone
21494,Molière,fr,Romance,0,0,4.61335,2007-01-31,115,6.7,45,Moliere
164457,Out of the Furnace,en,Thriller,22000000,15400000,29.230298,2013-12-06,116,6.5,720,Out of the Furnace
4566,Michael Clayton,en,Drama,25000000,92991835,18.961323,2007-09-28,119,6.5,501,Michael Clayton
17795,My Fellow Americans,en,Comedy,0,0,2.809378,1996-12-20,101,6.3,46,My Fellow Americans
1073,Arlington Road,en,Drama,21500000,0,12.819447,1999-03-19,117,7,239,Arlington Road
153158,Metegol,es,Animation,22000000,24000000,14.866351,2013-07-18,106,6,122,Underdogs
81836,To Rome with Love,en,Romance,17000000,73244881,15.013386,2012-04-20,111,5.6,546,To Rome with Love
10724,Firefox,en,Science Fiction,18000000,70687344,8.700565,1982-06-13,136,5.5,139,Firefox
9473,"South Park: Bigger, Longer & Uncut",en,Animation,21000000,0,27.197799,1999-06-30,81,7.1,893,"South Park: Bigger, Longer & Uncut"
2196,Death at a Funeral,en,Comedy,9000000,46,20.410354,2007-02-09,90,6.9,497,Death at a Funeral
1499,Teenage Mutant Ninja Turtles III,en,Action,21000000,42000000,10.207065,1993-03-17,96,5.1,184,Teenage Mutant Ninja Turtles III
20857,Hardball,en,Comedy,32000000,40222729,5.683281,2001-09-14,106,6.3,123,Hardball
82693,Silver Linings Playbook,en,Drama,21000000,205738714,63.599973,2012-09-08,122,6.9,4742,Silver Linings Playbook
1646,Freedom Writers,en,Crime,21000000,41170784,17.746981,2007-01-05,123,7.5,356,Freedom Writers
44944,For Colored Girls,en,Drama,0,37000000,1.934524,2010-11-05,134,7,22,For Colored Girls
4108,The Transporter,en,Action,21000000,43928932,34.433521,2002-10-02,92,6.6,1692,The Transporter
8456,Never Back Down,en,Drama,20000000,41627431,26.21425,2008-03-04,115,6.4,497,Never Back Down
7341,The Rage: Carrie 2,en,Horror,21000000,17762705,4.781538,1999-03-11,104,5.1,76,The Rage: Carrie 2
19255,Away We Go,en,Drama,17000000,14899417,10.13559,2009-06-05,98,6.7,189,Away We Go
10187,Swing Vote,en,Drama,21000000,17600000,5.815881,2008-08-01,120,5.8,65,Swing Vote
31005,Moonlight Mile,en,Romance,21000000,10011050,8.982335,2002-09-09,117,6.5,52,Moonlight Mile
49517,Tinker Tailor Soldier Spy,en,Drama,30000000,0,33.649652,2011-09-16,127,6.6,840,Tinker Tailor Soldier Spy
44857,Molly,en,Drama,0,0,2.636193,1999-10-22,102,5.5,14,Molly
50780,The Beaver,en,Drama,21000000,970816,13.847872,2011-02-11,91,6.3,276,The Beaver
16363,The Best Little Whorehouse in Texas,en,Comedy,35000000,69701637,4.189378,1982-07-23,114,5.9,41,The Best Little Whorehouse in Texas
1946,eXistenZ,en,Action,15000000,2856712,21.928025,1999-04-14,97,6.7,475,eXistenZ
85,Raiders of the Lost Ark,en,Adventure,18000000,389925971,68.159596,1981-06-12,115,7.7,3854,Raiders of the Lost Ark
772,Home Alone 2: Lost in New York,en,Comedy,18000000,358991681,81.487685,1992-11-19,120,6.3,2395,Home Alone 2: Lost in New York
840,Close Encounters of the Third Kind,en,Science Fiction,20000000,303788635,52.456505,1977-11-16,135,7.2,1098,Close Encounters of the Third Kind
9682,Pulse,en,Horror,38000000,29907685,9.662715,2006-08-11,90,5,150,Pulse
96,Beverly Hills Cop II,en,Action,20000000,299965036,25.28436,1987-05-18,100,6.1,613,Beverly Hills Cop II
10678,Bringing Down the House,en,Comedy,20000000,132675402,8.351385,2003-03-07,105,5.4,183,Bringing Down the House
274,The Silence of the Lambs,en,Crime,19000000,272742922,18.174804,1991-02-01,119,8.1,4443,The Silence of the Lambs
8872,Wayne's World,en,Music,20000000,121697323,21.815122,1992-02-14,94,6.5,728,Wayne's World
16290,Jackass 3D,en,Comedy,20000000,117224271,20.99174,2010-10-15,94,6.4,428,Jackass 3D
579,Jaws 2,en,Horror,20000000,187884007,19.636044,1978-06-16,116,5.9,406,Jaws 2
14405,Beverly Hills Chihuahua,en,Adventure,20000000,149281606,12.25264,2008-10-03,91,4.9,209,Beverly Hills Chihuahua
138843,The Conjuring,en,Horror,13000000,318000141,49.975409,2013-07-18,112,7.4,3092,The Conjuring
11637,Are We There Yet?,en,Adventure,32000000,97918663,13.590677,2005-01-20,95,5.2,221,Are We There Yet?
226486,Tammy,en,Comedy,20000000,100525432,21.657563,2014-07-02,97,5,500,Tammy
1584,School of Rock,en,Comedy,35000000,131282949,43.057323,2003-10-03,108,6.7,1414,School of Rock
9312,Mortal Kombat,en,Action,18000000,122195920,16.470895,1995-08-18,101,5.4,442,Mortal Kombat
12153,White Chicks,en,Comedy,37000000,113086475,28.703007,2004-06-23,109,6.3,679,White Chicks
65057,The Descendants,en,Comedy,20000000,177243185,40.903931,2011-09-09,115,6.7,934,The Descendants
8326,Holes,en,Adventure,20000000,0,22.001408,2003-04-18,117,6.7,383,Holes
35690,The Last Song,en,Drama,0,0,23.139971,2010-03-31,107,6.9,923,The Last Song
76203,12 Years a Slave,en,Drama,20000000,187000000,95.9229,2013-10-18,134,7.9,3674,12 Years a Slave
13497,Drumline,en,Drama,20000000,57588485,4.748929,2002-12-13,118,6.2,116,Drumline
35688,Why Did I Get Married Too?,en,Comedy,20000000,60072596,2.986286,2010-04-02,121,6.1,29,Why Did I Get Married Too?
162,Edward Scissorhands,en,Fantasy,20000000,53000000,47.51363,1990-12-05,105,7.5,3601,Edward Scissorhands
296096,Me Before You,en,Drama,20000000,207945075,53.161905,2016-06-02,110,7.6,2562,Me Before You
103370,Madea's Witness Protection,en,Drama,0,0,7.050951,2012-06-29,114,5.9,52,Madea's Witness Protection
1051,The French Connection,en,Action,1800000,41158757,15.978136,1971-10-09,104,7.4,422,The French Connection
376659,Bad Moms,en,Comedy,20000000,183936074,42.512296,2016-07-28,100,6.3,1252,Bad Moms
10073,Date Movie,en,Comedy,20000000,48548426,10.098722,2006-02-17,83,3.6,222,Date Movie
16690,Return to Never Land,en,Adventure,20000000,109862682,15.341196,2002-02-14,72,6.1,290,Return to Never Land
273895,Selma,en,History,20000000,66787908,29.023184,2014-12-25,127,7.4,817,Selma
14873,The Jungle Book 2,en,Family,20000000,135680000,19.819893,2003-02-07,72,5.6,269,The Jungle Book 2
8968,Boogeyman,en,Thriller,20000000,67192859,11.62423,2005-02-04,89,4.6,191,Boogeyman
9963,Premonition,en,Thriller,20000000,84146832,22.049787,2007-02-08,96,5.8,381,Premonition
15655,The Tigger Movie,en,Animation,30000000,45554533,9.829859,2000-02-11,77,6.3,143,The Tigger Movie
21208,Orphan,en,Horror,20000000,41596251,29.295801,2009-07-24,123,6.7,1261,Orphan
272878,Max,en,Adventure,20000000,43967255,14.136476,2015-06-26,111,6.8,276,Max
9760,Epic Movie,en,Action,20000000,86865564,6.064638,2007-01-25,86,3.2,326,Epic Movie
314365,Spotlight,en,Drama,20000000,88346473,41.503588,2015-11-06,128,7.8,2686,Spotlight
13279,Lakeview Terrace,en,Drama,20000000,27640028,20.495749,2008-09-19,110,5.9,292,Lakeview Terrace
1975,The Grudge 2,en,Horror,20000000,39143839,13.906944,2006-10-13,102,5.2,283,The Grudge 2
33644,How Stella Got Her Groove Back,en,Comedy,20000000,37672350,2.003047,1998-08-14,124,6,24,How Stella Got Her Groove Back
1649,Bill & Ted's Bogus Journey,en,Adventure,0,0,11.349664,1991-07-19,98,5.9,308,Bill & Ted's Bogus Journey
9895,Man of the Year,en,Comedy,20000000,41237648,11.203335,2006-10-09,115,5.8,129,Man of the Year
9570,The Black Hole,en,Adventure,20000000,35841901,8.265317,1979-12-18,98,6.1,131,The Black Hole
27579,The American,en,Crime,20000000,65464324,18.632156,2010-08-31,104,5.8,481,The American
16052,Selena,en,Drama,20000000,60000000,6.92592,1997-03-21,127,7,114,Selena
40264,Vampires Suck,en,Horror,20000000,80547866,17.165039,2010-08-18,82,4.2,315,Vampires Suck
1164,Babel,en,Drama,25000000,135330182,25.785925,2006-09-08,143,6.9,1055,Babel
239678,This Is Where I Leave You,en,Drama,19800000,41296320,20.311684,2014-09-10,103,6.5,505,This Is Where I Leave You
14359,Doubt,en,Drama,20000000,50907234,20.975165,2008-11-27,104,7,435,Doubt
3989,Team America: World Police,en,Music,32000000,50907422,26.509175,2004-10-10,98,6.6,660,Team America: World Police
76617,Texas Chainsaw 3D,en,Horror,20000000,47241945,26.497025,2013-01-03,92,5.3,465,Texas Chainsaw 3D
1710,Copycat,en,Drama,0,0,14.211699,1995-10-27,124,6.4,194,Copycat
4258,Scary Movie 5,en,Comedy,20000000,78378744,36.819044,2013-04-11,86,4.6,793,Scary Movie 5
20391,Paint Your Wagon,en,Drama,20000000,31678778,7.902536,1969-10-15,158,6.2,63,Paint Your Wagon
10139,Milk,en,History,20000000,54586584,30.909699,2008-11-26,128,7.1,612,Milk
335778,Risen,en,Action,20000000,46069568,16.663797,2016-02-19,107,5.7,295,Risen
9645,Ghost Ship,en,Horror,35000000,68349884,27.724913,2002-10-25,91,5.3,531,Ghost Ship
55465,A Very Harold & Kumar Christmas,en,Comedy,19000000,35387212,17.971883,2011-11-04,108,6,328,A Very Harold & Kumar Christmas
617,Wild Things,en,Crime,20000000,67200000,25.041992,1998-03-20,108,6.3,444,Wild Things
19904,The Stepfather,en,Horror,0,0,7.924428,2009-10-16,101,5.4,167,The Stepfather
48289,The Debt,en,Drama,20000000,45636368,14.857884,2010-04-11,113,6.3,257,The Debt
243,High Fidelity,en,Comedy,30000000,47126295,23.982956,2000-03-17,113,7,628,High Fidelity
6933,One Missed Call,en,Horror,20000000,0,12.458131,2008-01-04,87,4.7,171,One Missed Call
17182,Eye for an Eye,en,Drama,20000000,0,3.996392,1996-01-12,101,5.8,63,Eye for an Eye
8848,The Bank Job,en,Thriller,20000000,64822796,30.387754,2008-02-28,112,6.6,697,The Bank Job
38,Eternal Sunshine of the Spotless Mind,en,Science Fiction,20000000,72258126,56.481487,2004-03-19,108,7.9,3652,Eternal Sunshine of the Spotless Mind
38303,You Again,en,Comedy,20000000,32005248,19.962713,2010-09-24,105,6,368,You Again
1266,Street Kings,en,Action,20000000,65569869,18.666876,2008-04-10,109,6.3,363,Street Kings
107985,The World's End,en,Comedy,20000000,46089287,55.964605,2013-07-18,109,6.7,1778,The World's End
14043,Nancy Drew,en,Action,0,0,5.0348,2007-06-15,99,5.8,143,Nancy Drew
19901,Daybreakers,en,Fantasy,20000000,51416464,28.019226,2009-01-06,98,6,634,Daybreakers
34016,She's Out of My League,en,Comedy,20000000,49779728,16.176976,2010-03-11,104,5.9,525,She's Out of My League
59860,Monte Carlo,en,Adventure,20000000,17425000,17.237143,2011-07-01,109,6,593,Monte Carlo
10069,Stay Alive,en,Horror,9000000,27105095,4.34503,2006-03-24,100,5.3,155,Stay Alive
9588,Quigley Down Under,en,Romance,0,0,11.360997,1990-10-17,119,6.5,119,Quigley Down Under
12819,Alpha and Omega,en,Family,20000000,39300000,12.300789,2010-09-17,88,5.3,124,Alpha and Omega
9954,The Covenant,en,Action,20000000,37597471,15.804814,2006-09-08,97,5.2,288,The Covenant
10115,Stick It,en,Comedy,0,0,9.750557,2006-04-21,105,6.3,148,Stick It
25132,Shorts,en,Comedy,40000000,28972508,4.100942,2009-08-21,89,5.1,44,Shorts
577,To Die For,en,Fantasy,20000000,21284514,12.309715,1995-05-20,106,6.7,175,To Die For
328387,Nerve,en,Mystery,20000000,83707310,62.933899,2016-07-27,96,7.1,2181,Nerve
12690,Appaloosa,en,Drama,20000000,20211394,16.074397,2008-09-12,115,6.3,299,Appaloosa
9945,Vampires,en,Action,20000000,0,17.016284,1998-04-15,108,5.8,255,Vampires
539,Psycho,en,Drama,806948,32000000,93.067866,1960-06-16,109,8.2,2320,Psycho
13596,My Best Friend's Girl,en,Romance,20000000,36620508,17.145287,2008-09-19,101,5.4,220,My Best Friend's Girl
226857,Endless Love,en,Drama,20000000,34077920,27.256849,2014-02-12,103,6.7,542,Endless Love
13159,Georgia Rule,en,Comedy,20000000,0,7.878177,2007-05-11,113,5.6,130,Georgia Rule
47941,Under the Rainbow,en,Comedy,20000000,2297493,0.173964,1981-07-31,98,4.9,7,Under the Rainbow
526,Ladyhawke,en,Adventure,20000000,18432000,14.370111,1985-03-27,121,6.8,260,Ladyhawke
22796,Simon Birch,en,Comedy,20000000,18253415,11.090254,1998-09-11,114,6.5,52,Simon Birch
2355,Reign Over Me,en,Drama,20000000,22222308,20.82778,2007-03-23,124,7.1,334,Reign Over Me
5915,Into the Wild,en,Adventure,15000000,56255142,43.644978,2007-09-11,148,7.8,3045,Into the Wild
9842,School for Scoundrels,en,Comedy,20000000,17807569,8.244324,2006-09-29,100,5.6,111,School for Scoundrels
61012,Silent Hill: Revelation 3D,en,Thriller,20000000,52302796,23.292761,2012-10-10,94,5,432,Silent Hill: Revelation 3D
755,From Dusk Till Dawn,en,Horror,19000000,25836616,64.181668,1996-01-19,108,6.9,1603,From Dusk Till Dawn
13682,Pooh's Heffalump Movie,en,Animation,0,0,9.03154,2005-02-11,68,6.4,88,Pooh's Heffalump Movie
9089,Home for the Holidays,en,Comedy,0,17519169,4.031585,1995-11-02,103,6.3,39,Home for the Holidays
9470,功夫,cn,Action,20000000,100914445,13.658985,2004-02-10,99,7.2,831,Kung Fu Hustle
18357,The Country Bears,en,Adventure,35000000,0,6.908351,2002-07-26,88,4.3,20,The Country Bears
7979,The Kite Runner,en,Drama,20000000,73276047,10.446722,2007-10-14,128,7.3,394,The Kite Runner
470,21 Grams,en,Drama,20000000,60427839,32.243357,2003-09-06,124,7.2,918,21 Grams
15644,Paparazzi,en,Action,20000000,16605763,9.149089,2004-09-03,84,5.8,52,Paparazzi
9582,A Guy Thing,en,Comedy,20000000,17432163,5.596835,2003-01-17,101,5.3,83,A Guy Thing
10642,Loser,en,Drama,0,0,5.214408,2000-07-21,98,5,120,Loser
22074,Capitalism: A Love Story,en,Documentary,20000000,17436509,10.50098,2009-09-06,120,7,167,Capitalism: A Love Story
2428,The Greatest Story Ever Told,en,Drama,20000000,15473333,3.011205,1965-02-15,199,6.5,41,The Greatest Story Ever Told
290751,Secret in Their Eyes,en,Crime,19500000,34854990,15.012237,2015-10-14,111,6.2,336,Secret in Their Eyes
13805,Disaster Movie,en,Action,25000000,14109284,16.238961,2008-08-29,87,3,240,Disaster Movie
4597,Armored,en,Action,20000000,22942221,15.21229,2009-12-04,88,5.5,208,Armored
9414,The Man Who Knew Too Little,en,Comedy,20000000,13801755,6.397042,1997-11-14,97,6.5,125,The Man Who Knew Too Little
63492,What's Your Number?,en,Comedy,20000000,30426096,19.220789,2011-09-30,106,6.2,671,What's Your Number?
81796,Lockout,en,Action,20000000,32204030,35.232278,2012-04-12,95,5.8,715,Lockout
10710,Envy,en,Comedy,40000000,0,9.842771,2004-04-30,99,4.8,139,Envy
15092,Crank: High Voltage,en,Action,20000000,34560577,35.542809,2009-04-16,96,5.9,861,Crank: High Voltage
11382,Bullets Over Broadway,en,Action,0,0,7.829295,1994-10-14,98,7,130,Bullets Over Broadway
15005,One Night with the King,en,Drama,20000000,13391174,3.476925,2006-10-13,123,6.1,12,One Night with the King
8198,The Quiet American,en,Drama,30000000,27674124,5.133744,2002-11-22,101,6.4,81,The Quiet American
6963,The Weather Man,en,Comedy,20000000,12482775,14.031377,2005-10-20,101,6,289,The Weather Man
15070,Undisputed,en,Action,20000000,12398628,17.227376,2002-08-23,96,6.1,139,Undisputed
12797,Ghost Town,en,Comedy,0,0,17.98817,2008-09-19,102,6.4,286,Ghost Town
17134,12 Rounds,en,Action,20000000,17280326,15.66135,2009-03-19,108,5.7,220,12 Rounds
41402,Let Me In,en,Drama,20000000,24145613,19.705311,2010-10-01,116,6.7,641,Let Me In
18885,3 Ninjas Kick Back,en,Adventure,0,0,2.645722,1994-05-06,93,4.5,48,3 Ninjas Kick Back
4953,Be Kind Rewind,en,Drama,0,0,17.662683,2008-01-20,102,6.2,424,Be Kind Rewind
10773,Mrs Henderson Presents,en,Comedy,0,0,2.894154,2005-09-09,103,6.4,62,Mrs Henderson Presents
146198,Triple 9,en,Action,20000000,12639297,29.371987,2016-02-19,115,5.6,797,Triple 9
2639,Deconstructing Harry,en,Comedy,20000000,10686841,11.352693,1997-08-26,96,7.3,187,Deconstructing Harry
10563,Three to Tango,en,Comedy,20000000,0,7.553773,1999-10-22,98,5.4,62,Three to Tango
295964,Burnt,en,Drama,20000000,36606743,30.477114,2015-10-02,100,6.3,950,Burnt
5971,We're No Angels,en,Comedy,20000000,0,9.927018,1989-12-15,106,5.6,105,We're No Angels
9716,Everyone Says I Love You,en,Music,20000000,0,12.379781,1996-12-06,101,6.5,147,Everyone Says I Love You
11835,Death Sentence,en,Action,20000000,16974459,12.643703,2007-08-31,105,6.5,297,Death Sentence
26171,Everybody's Fine,en,Drama,21000000,0,15.440465,2009-12-04,99,6.5,284,Everybody's Fine
31117,Superbabies: Baby Geniuses 2,en,Comedy,0,9109322,5.886228,2004-08-27,88,1.9,35,Superbabies: Baby Geniuses 2
9074,The Man,en,Action,0,12382362,6.925645,2005-09-08,83,5.4,133,The Man
14396,Code Name: The Cleaner,en,Action,20000000,10337477,9.36146,2007-01-05,84,4.7,78,Code Name: The Cleaner
15673,Connie and Carla,en,Comedy,20000000,11341016,6.102663,2004-04-16,98,6.4,24,Connie and Carla
42618,Sweet Charity,en,Comedy,8000000,20000000,0.709143,1969-01-01,149,6.5,15,Sweet Charity
171274,Inherent Vice,en,Comedy,20000000,11110975,45.742217,2014-12-25,148,6.5,833,Inherent Vice
24432,Doogal,en,Family,0,0,1.682839,2006-02-24,85,3.2,18,Doogal
109417,Battle of the Year,en,Music,20000000,16549477,8.237336,2013-09-21,110,5.9,88,Battle of the Year
13948,An American Carol,en,Comedy,20000000,7000000,2.605374,2008-10-03,83,4.1,20,An American Carol
106747,Machete Kills,en,Action,12000000,15008161,29.072964,2013-09-12,107,5.3,631,Machete Kills
10929,Willard,en,Horror,22000000,0,1.322528,2003-03-14,100,5.8,82,Willard
14220,Strange Wilderness,en,Comedy,0,6575282,4.961306,2008-02-01,87,4.7,69,Strange Wilderness
46435,Topsy-Turvy,en,Comedy,0,0,8.628519,1999-09-03,160,6.7,41,Topsy-Turvy
256962,Little Boy,en,Comedy,20000000,6420319,12.232048,2015-04-23,106,7,185,Little Boy
48231,A Dangerous Method,en,Drama,15000000,27462041,27.133277,2011-09-30,99,6.2,571,A Dangerous Method
3509,A Scanner Darkly,en,Animation,8700000,7659918,26.093043,2006-05-25,100,6.8,532,A Scanner Darkly
82684,Chasing Mavericks,en,Drama,0,0,13.621201,2012-10-25,117,7,216,Chasing Mavericks
12142,Alone in the Dark,en,Action,20000000,10442808,9.292987,2005-01-28,96,3.1,173,Alone in the Dark
23367,Bandslam,en,Comedy,20000000,5210988,7.716606,2009-08-06,111,5.4,126,Bandslam
10740,Birth,en,Drama,20000000,0,7.698075,2004-09-08,100,5.9,179,Birth
241239,A Most Violent Year,en,Crime,20000000,12007070,37.629309,2014-12-30,125,6.5,546,A Most Violent Year
14582,Passchendaele,en,Drama,0,0,2.405911,2008-10-17,114,6.3,26,Passchendaele
14914,Flash of Genius,en,Drama,0,0,3.350297,2008-09-07,119,6.3,59,Flash of Genius
3902,I'm Not There.,en,Drama,20000000,4001121,13.032308,2007-10-01,135,6.6,195,I'm Not There.
77948,The Cold Light of Day,en,Action,20000000,16863583,15.131867,2012-04-04,93,4.8,271,The Cold Light of Day
21755,The Brothers Bloom,en,Adventure,20000000,5530764,10.218307,2008-09-09,114,6.8,203,The Brothers Bloom
4960,"Synecdoche, New York",en,Drama,21000000,0,12.761176,2008-10-24,124,7.4,278,"Synecdoche, New York"
128,もののけ姫,ja,Adventure,26500000,159375308,60.732738,1997-07-12,134,8.2,1983,Princess Mononoke
14652,Bon voyage,fr,Comedy,0,0,0.49446,2003-04-16,114,5.7,20,Bon voyage
40932,Can't Stop the Music,en,Comedy,0,0,6.574285,1980-06-20,124,4.9,9,Can't Stop the Music
16608,The Proposition,en,Action,2000000,5048693,14.617944,2005-10-06,104,7.1,218,The Proposition
334531,My All American,en,Drama,20000000,0,3.102987,2015-11-13,118,6.8,36,My All American
32316,Marci X,en,Comedy,20000000,1675706,5.65327,2003-08-22,84,3.3,12,Marci X
7299,Equilibrium,en,Action,20000000,5359645,44.566609,2002-12-06,107,6.9,1552,Equilibrium
13405,黃石的孩子,zh,Drama,40000000,7400000,8.978408,2008-07-03,125,6.5,52,The Children of Huang Shi
19457,The Yards,en,Drama,0,0,10.150993,2000-04-27,115,6,97,The Yards
112937,The Oogieloves in the Big Balloon Adventure,en,Family,0,0,0.28576,2012-08-29,88,2.2,8,The Oogieloves in the Big Balloon Adventure
314385,By the Sea,en,Drama,10000000,3727746,11.267676,2015-11-12,122,5.4,156,By the Sea
8953,Steamboy,ja,Animation,20000000,0,9.129808,2004-07-17,126,6.4,102,Steamboy
29078,The Game of Their Lives,en,Drama,0,0,2.013405,2005-01-01,101,5.8,14,The Game of Their Lives
46503,All Good Things,en,Drama,0,0,20.086645,2010-12-03,101,5.9,286,All Good Things
10448,Rapa Nui,en,Adventure,20000000,305070,3.581906,1994-09-09,107,6.2,33,Rapa Nui
13688,長江七號,cn,Comedy,0,47301471,12.373248,2008-01-30,86,6.1,107,CJ7
10353,Les Visiteurs 2 : Les Couloirs du temps,fr,Comedy,0,0,12.283025,1998-02-11,118,5.8,221,The Visitors II: The Corridors of Time
43935,Dylan Dog: Dead of Night,en,Action,20000000,4634062,10.617236,2011-03-16,107,4.5,139,Dylan Dog: Dead of Night
11458,People I Know,en,Drama,20000000,0,6.377308,2002-11-21,100,5.5,48,People I Know
44638,The Tempest,en,Drama,20000000,346594,3.620537,2010-12-10,110,6,31,The Tempest
241257,Regression,en,Horror,0,17671101,27.215666,2015-10-01,106,5.3,585,Regression
14538,三国之见龙卸甲,en,Action,0,0,4.127155,2008-04-03,102,6.6,35,Three Kingdoms: Resurrection of the Dragon
13250,Butterfly on a Wheel,en,Crime,20000000,0,13.118983,2007-07-27,95,6.3,130,Butterfly on a Wheel
133931,Zambezia,en,Comedy,20000000,0,14.182301,2012-06-05,83,5.3,68,Zambezia
280871,ராமானுஜன்,ta,Drama,0,0,0.416179,2014-07-11,170,5,3,Ramanujan
239897,Dwegons,en,Animation,0,0,0.485405,2014-01-24,98,0.5,1,Dwegons
184341,Hands of Stone,en,Drama,20000000,0,7.444189,2016-08-26,105,6.1,109,Hands of Stone
334074,Survivor,en,Thriller,20000000,0,33.625477,2015-05-21,96,5.4,404,Survivor
199373,The Frozen Ground,en,Thriller,27220000,5496951,28.060472,2013-07-18,105,6.1,465,The Frozen Ground
14202,The Painted Veil,en,Drama,19400000,0,20.746932,2006-12-09,125,7.1,312,The Painted Veil
6968,Der Baader Meinhof Komplex,de,Action,27000000,0,7.727035,2008-09-24,150,7.1,157,The Baader Meinhof Complex
581,Dances with Wolves,en,Adventure,22000000,424208848,45.707835,1990-11-09,181,7.6,1046,Dances with Wolves
52449,Bad Teacher,en,Comedy,20000000,216197492,28.497242,2011-05-16,92,5.4,1584,Bad Teacher
12150,Sea of Love,en,Drama,19000000,110879513,11.47316,1989-09-15,113,6.7,141,Sea of Love
11247,A Cinderella Story,en,Comedy,19000000,70067909,25.28132,2004-07-10,95,6.1,713,A Cinderella Story
4232,Scream,en,Crime,14000000,173046663,45.99611,1996-12-20,111,7,1476,Scream
9378,Thir13en Ghosts,en,Horror,0,0,20.392858,2001-10-26,91,5.4,440,Thir13en Ghosts
694,The Shining,en,Horror,19000000,44017374,78.699993,1980-05-22,144,8.1,3757,The Shining
105,Back to the Future,en,Adventure,19000000,381109762,76.603233,1985-07-03,116,8,6079,Back to the Future
11377,House on Haunted Hill,en,Horror,19000000,40846082,13.664614,1999-10-29,93,5.5,209,House on Haunted Hill
26367,I Can Do Bad All By Myself,en,Drama,0,0,2.242809,2009-09-11,113,6,40,I Can Do Bad All By Myself
385383,Fight Valley,en,Action,27000000,0,1.224105,2016-07-22,90,3.9,8,Fight Valley
41210,The Switch,en,Comedy,19000000,49830607,27.494037,2010-05-11,101,5.9,583,The Switch
12090,Just Married,en,Comedy,18000000,101564935,18.47518,2003-01-09,95,5.3,404,Just Married
62630,The Devil's Double,en,Drama,19100000,5728213,10.559414,2011-02-11,109,6.5,208,The Devil's Double
16110,Thomas and the Magic Railroad,en,Animation,0,0,1.916351,2000-07-26,85,4.6,8,Thomas and the Magic Railroad
29427,The Crazies,en,Mystery,20000000,54956140,28.867568,2010-02-26,101,6.2,633,The Crazies
129,千と千尋の神隠し,ja,Fantasy,15000000,274925095,118.968562,2001-07-20,125,8.3,3840,Spirited Away
244114,風暴,zh,Action,0,0,3.376967,2013-12-12,110,5.9,43,Firestorm
2669,The Bounty,en,Action,25000000,8613462,7.436491,1984-05-04,132,6.5,108,The Bounty
203833,The Book Thief,en,Drama,0,76586316,57.84156,2013-11-08,131,7.4,1486,The Book Thief
13523,Sex Drive,en,Comedy,19000000,18755936,17.952817,2008-10-16,109,6,342,Sex Drive
25195,Leap Year,en,Romance,19000000,29922472,21.959742,2010-01-08,100,6.4,465,Leap Year
17277,The Fall of the Roman Empire,en,Drama,19000000,4750000,4.229942,1964-03-24,188,6,33,The Fall of the Roman Empire
50725,Take Me Home Tonight,en,Comedy,19000000,6928068,11.766564,2011-03-04,97,6.2,208,Take Me Home Tonight
82631,Won't Back Down,en,Drama,0,5310554,2.366251,2012-09-28,121,5.8,40,Won't Back Down
73191,The Nutcracker,en,Family,19000000,2119994,0.068228,1993-11-24,93,5.6,5,The Nutcracker
22479,Kansas City,en,Thriller,18000000,0,5.380733,1996-08-16,116,6.1,12,Kansas City
340611,Indignation,en,Drama,0,0,5.625989,2016-07-29,110,6.8,69,Indignation
10065,The Amityville Horror,en,Horror,19000000,108047131,30.205943,2005-04-15,90,6,588,The Amityville Horror
2757,Adaptation.,en,Comedy,19000000,32801173,26.441669,2002-12-06,114,7.3,638,Adaptation.
11683,Land of the Dead,en,Horror,15000000,46770602,15.262492,2005-06-24,93,6,381,Land of the Dead
244339,逃出生天,cn,Action,0,0,1.583918,2013-03-10,107,5.8,11,Out of Inferno
1878,Fear and Loathing in Las Vegas,en,Adventure,18500000,10680275,44.511363,1998-05-22,118,7.2,1301,Fear and Loathing in Las Vegas
23082,The Invention of Lying,en,Comedy,18500000,31912793,16.665841,2009-09-13,100,6,518,The Invention of Lying
195589,Neighbors,en,Comedy,18000000,268157400,36.471231,2014-05-08,96,6.2,2713,Neighbors
854,The Mask,en,Romance,23000000,351583407,85.30318,1994-07-29,101,6.6,2472,The Mask
2280,Big,en,Fantasy,18000000,151668774,20.716023,1988-06-03,104,6.9,993,Big
496,Borat: Cultural Learnings of America for Make Benefit Glorious Nation of Kazakhstan,en,Comedy,18000000,261572744,29.487784,2006-11-01,82,6.5,1579,Borat: Cultural Learnings of America for Make Benefit Glorious Nation of Kazakhstan
8835,Legally Blonde,en,Comedy,18000000,141774679,25.43954,2001-07-13,96,6.1,882,Legally Blonde
157,Star Trek III: The Search for Spock,en,Science Fiction,18000000,87000000,15.314027,1984-05-31,105,6.4,434,Star Trek III: The Search for Spock
8643,The Exorcism of Emily Rose,en,Crime,19000000,144216468,32.602868,2005-09-09,122,6.3,659,The Exorcism of Emily Rose
10402,Deuce Bigalow: Male Gigolo,en,Comedy,17000000,65535067,9.832326,1999-12-10,88,5.5,308,Deuce Bigalow: Male Gigolo
218043,Left Behind,en,Thriller,16000000,19682924,33.452469,2014-10-03,110,3.7,392,Left Behind
9043,The Family Stone,en,Comedy,0,0,14.190837,2005-12-14,103,6.2,249,The Family Stone
21301,Barbershop 2:  Back in Business,en,Comedy,18000000,65070412,6.501815,2004-01-20,106,5.6,74,Barbershop 2:  Back in Business
10147,Bad Santa,en,Drama,23000000,76488889,26.58873,2003-11-26,91,6.5,656,Bad Santa
816,Austin Powers: International Man of Mystery,en,Science Fiction,16500000,67683989,36.15716,1997-05-02,94,6.5,1013,Austin Powers: International Man of Mystery
302688,My Big Fat Greek Wedding 2,en,Romance,18000000,88923251,16.027955,2016-03-23,94,5.5,322,My Big Fat Greek Wedding 2
60307,Diary of a Wimpy Kid: Rodrick Rules,en,Family,21000000,72417394,14.329891,2011-03-25,99,6.3,238,Diary of a Wimpy Kid: Rodrick Rules
106,Predator,en,Science Fiction,18000000,98235548,50.009408,1987-06-11,107,7.3,2093,Predator
279,Amadeus,en,Drama,18000000,51973029,31.82675,1984-10-26,160,7.8,1076,Amadeus
8617,Prom Night,en,Crime,0,14796236,9.642041,2008-04-10,88,4.8,167,Prom Night
10625,Mean Girls,en,Comedy,17000000,129042871,36.423717,2004-04-30,97,6.9,2320,Mean Girls
10934,Under the Tuscan Sun,en,Comedy,0,0,12.309718,2003-04-30,113,6.4,172,Under the Tuscan Sun
5279,Gosford Park,en,Drama,19800000,87754044,11.693272,2001-11-07,137,6.8,246,Gosford Park
10013,Peggy Sue Got Married,en,Comedy,18000000,41382841,12.243887,1986-10-05,103,5.9,136,Peggy Sue Got Married
194662,Birdman,en,Drama,18000000,103215094,89.811154,2014-08-27,119,7.4,4535,Birdman
160588,Blue Jasmine,en,Comedy,18000000,99206215,34.694216,2013-07-25,98,7,1098,Blue Jasmine
9829,United 93,en,Drama,15000000,76286096,17.50138,2006-04-28,111,6.9,367,United 93
10028,Honey,en,Romance,18000000,62646763,18.492655,2003-11-24,94,6,303,Honey
10535,Spy Hard,en,Action,18000000,0,11.238522,1996-05-24,81,4.9,147,Spy Hard
790,The Fog,en,Horror,1000000,21378361,14.518598,1980-02-08,89,6.4,311,The Fog
43959,Soul Surfer,en,Action,18000000,47088990,19.234672,2011-04-08,106,6.9,342,Soul Surfer
10364,Catch-22,en,War,18000000,24911670,4.504377,1970-06-24,121,6.7,72,Catch-22
16991,Observe and Report,en,Comedy,0,24007324,10.529143,2009-04-10,86,5.6,225,Observe and Report
9610,Conan the Destroyer,en,Adventure,18000000,100000000,18.379124,1984-06-29,103,5.8,383,Conan the Destroyer
1578,Raging Bull,en,Drama,18000000,23000000,35.524457,1980-11-14,129,7.7,938,Raging Bull
25643,Love Happens,en,Drama,18000000,36133014,13.472365,2009-09-18,109,5.6,180,Love Happens
11904,Young Sherlock Holmes,en,Action,18000000,0,8.321586,1985-12-04,109,6.7,167,Young Sherlock Holmes
28665,Fame,en,Music,0,0,7.668063,2009-01-01,107,5.5,135,Fame
44115,127 Hours,en,Adventure,18000000,35692920,52.464877,2010-11-05,94,7,2606,127 Hours
10569,Small Time Crooks,en,Action,0,0,11.423533,2000-05-19,94,6.4,155,Small Time Crooks
10560,Center Stage,en,Drama,18000000,17200925,6.961736,2000-05-12,115,6.8,90,Center Stage
333348,Love the Coopers,en,Comedy,17000000,24000000,9.191187,2015-11-12,107,5.4,167,Love the Coopers
20483,Catch That Kid,en,Family,18000000,16702864,4.492859,2004-02-06,92,4.9,76,Catch That Kid
11457,Life as a House,en,Drama,18000000,0,5.706767,2001-10-25,125,7.2,120,Life as a House
321697,Steve Jobs,en,Drama,30000000,34441873,53.670525,2015-10-09,122,6.8,1573,Steve Jobs
19840,"I Love You, Beth Cooper",en,Comedy,18000000,0,14.15192,2009-07-10,102,5.1,197,"I Love You, Beth Cooper"
22327,Youth in Revolt,en,Drama,18000000,0,13.462544,2009-09-11,87,5.9,319,Youth in Revolt
38665,The Legend of the Lone Ranger,en,Action,18000000,2945600,11.725805,1981-08-20,98,3.7,14,The Legend of the Lone Ranger
2575,The Tailor of Panama,en,Drama,21000000,28008462,7.047975,2001-02-11,109,6.2,92,The Tailor of Panama
11644,Blow Out,en,Drama,18000000,12000000,13.628601,1981-07-24,108,7.3,236,Blow Out
146227,Getaway,en,Action,18000000,10501938,16.520516,2013-08-29,90,4.9,246,Getaway
68924,The Ice Storm,en,Drama,18000000,8038061,14.916264,1997-09-27,112,6.9,176,The Ice Storm
253235,And So It Goes,en,Comedy,18000000,25312387,9.633711,2014-07-20,94,5.7,164,And So It Goes
22102,Troop Beverly Hills,en,Adventure,0,0,3.455018,1989-03-22,105,5.6,56,Troop Beverly Hills
18701,Being Julia,en,Comedy,0,0,1.946634,2004-09-03,104,6.4,23,Being Julia
10068,Nine 1/2 Weeks,en,Drama,17000000,6735922,12.313143,1986-02-14,117,5.8,177,Nine 1/2 Weeks
848,Dragonslayer,en,Fantasy,18000000,14110013,3.258422,1981-06-26,108,6.5,67,Dragonslayer
36811,The Last Station,en,Drama,0,0,3.659292,2009-09-04,112,6.7,55,The Last Station
522,Ed Wood,en,Comedy,18000000,5887457,24.548633,1994-09-27,127,7.3,630,Ed Wood
130150,Labor Day,en,Drama,18000000,20275812,17.683563,2013-12-27,111,6.7,299,Labor Day
12246,Монгол,ru,History,18000000,26527510,10.1449,2007-09-20,120,6.5,158,Mongol: The Rise of Genghis Khan
13809,RockNRolla,en,Action,18000000,25739015,31.887978,2008-09-04,114,6.9,836,RockNRolla
27380,Megaforce,en,Adventure,0,0,1.110179,1982-06-25,99,3.5,15,Megaforce
10549,Hamlet,en,Drama,0,0,9.814785,1996-12-25,242,7.3,117,Hamlet
33870,Mao's Last Dancer,en,Drama,25000000,20719451,1.876811,2009-10-01,117,6.8,28,Mao's Last Dancer
245703,Midnight Special,en,Adventure,18000000,6212282,32.717853,2016-02-18,112,6.2,694,Midnight Special
10739,Anything Else,en,Comedy,0,0,8.945081,2003-08-27,108,6.2,149,Anything Else
127560,The Railway Man,en,Drama,18000000,22309223,13.916583,2013-12-26,116,6.7,273,The Railway Man
37903,Das weisse Band,de,Crime,15238800,0,17.94739,2009-05-21,144,7.2,255,The White Ribbon
396152,Restoration,en,Horror,0,0,2.525569,2016-05-03,90,5.3,11,Restoration
10017,The Wraith,en,Romance,2700000,3500000,10.47644,1986-11-21,93,5.9,108,The Wraith
11468,Salton Sea,en,Drama,18000000,676698,10.991281,2002-01-01,103,7,104,Salton Sea
193613,Metallica: Through the Never,en,Music,18000000,7972967,7.871686,2013-09-25,93,6.7,83,Metallica: Through the Never
17436,The Informers,en,Drama,18000000,382174,6.333869,2008-11-05,98,4.4,60,The Informers
43434,Carlos,en,Crime,18000000,871279,1.138383,2010-05-19,338,6.7,50,Carlos
31166,I Come with the Rain,en,Thriller,18000000,0,8.266124,2009-05-14,114,5.6,20,I Come with the Rain
69848,One Man's Hero,en,Western,0,0,0.910529,1999-08-02,121,9.3,2,One Man's Hero
8408,Day of the Dead,en,Horror,3500000,34000000,18.025206,1985-07-19,96,6.9,270,Day of the Dead
332411,I Am Wrath,en,Action,18000000,0,10.144222,2016-04-14,92,4.5,179,I Am Wrath
9389,Renaissance,fr,Action,18000000,1831348,9.244181,2006-03-16,105,6.7,77,Renaissance
9626,Red Sonja,en,Adventure,17900000,6948633,12.752463,1985-04-09,89,5,206,Red Sonja
75638,Red Lights,en,Thriller,14000000,13551174,22.748174,2012-03-02,119,6,376,Red Lights
8363,Superbad,en,Comedy,20000000,121463226,33.436092,2007-08-17,113,7,2100,Superbad
15670,Madea Goes to Jail,en,Comedy,0,90508336,3.107371,2009-02-16,103,6.4,52,Madea Goes to Jail
290555,Wolves,en,Horror,18000000,0,7.922639,2014-08-28,90,5.7,82,Wolves
8328,Step Up 2: The Streets,en,Music,23000000,150816700,28.973074,2008-02-14,98,6.5,640,Step Up 2: The Streets
10982,Hoodwinked!,en,Animation,15000000,51053787,23.980329,2005-12-16,80,5.9,479,Hoodwinked!
205,Hotel Rwanda,en,Drama,17500000,38000000,28.60542,2004-09-11,121,7.5,793,Hotel Rwanda
1620,Hitman,en,Action,24000000,99965753,42.669304,2007-11-21,89,5.9,966,Hitman
175541,Black Nativity,en,Drama,17500000,7018189,7.180403,2013-11-27,93,5.8,16,Black Nativity
241254,The Prince,en,Thriller,18000000,266586800,21.638673,2014-08-22,93,4.6,218,The Prince
31932,City of Ghosts,en,Thriller,0,0,2.64486,2002-01-01,116,5.4,18,City of Ghosts
1933,The Others,en,Horror,0,0,25.881355,2001-08-02,101,7.4,1660,The Others
679,Aliens,en,Horror,18500000,183316455,67.66094,1986-07-18,137,7.7,3220,Aliens
11113,My Fair Lady,en,Drama,17000000,72070731,20.786616,1964-10-21,170,7.4,352,My Fair Lady
3597,I Know What You Did Last Summer,en,Horror,17000000,125586134,27.654472,1997-10-17,100,5.6,687,I Know What You Did Last Summer
193893,Let's Be Cops,en,Comedy,17000000,136621271,70.668923,2014-08-13,104,6.4,1219,Let's Be Cops
9675,Sideways,en,Comedy,16000000,109502303,23.425431,2004-10-22,126,6.9,478,Sideways
9988,Beerfest,en,Comedy,17500000,19179969,14.304444,2006-08-25,110,5.8,172,Beerfest
948,Halloween,en,Horror,300000,70000000,30.301307,1978-10-25,91,7.4,1035,Halloween
21765,Good Boy!,en,Comedy,17000000,0,3.56033,2003-10-10,87,4.7,30,Good Boy!
146304,The Best Man Holiday,en,Comedy,17000000,71625195,7.210095,2013-11-15,123,6.7,110,The Best Man Holiday
7516,Smokin' Aces,en,Action,17000000,57103895,23.491962,2006-12-09,109,6.4,534,Smokin' Aces
41439,Saw 3D,en,Horror,20000000,136150434,36.133536,2010-10-21,90,5.8,730,Saw: The Final Chapter
2752,40 Days and 40 Nights,en,Comedy,17000000,0,14.18136,2002-03-01,94,5.2,297,40 Days and 40 Nights
9429,A Night at the Roxbury,en,Comedy,17000000,30331165,12.709227,1998-10-01,81,5.9,198,A Night at the Roxbury
38117,Beastly,en,Drama,17000000,43165571,24.054062,2011-01-21,86,6,849,Beastly
9792,The Hills Have Eyes,en,Horror,15000000,69623713,35.107857,2006-03-10,107,6.1,705,The Hills Have Eyes
13778,Dickie Roberts: Former Child Star,en,Comedy,0,0,10.149569,2003-09-05,98,5.1,64,Dickie Roberts: Former Child Star
228203,"McFarland, USA",en,Drama,0,45710059,14.023082,2015-02-20,128,7.4,213,"McFarland, USA"
41382,Lottery Ticket,en,Comedy,0,0,9.054803,2010-08-20,99,5.6,54,Lottery Ticket
13960,ATL,en,Drama,20000000,21170563,5.422285,2006-03-31,105,6,32,ATL
114150,Pitch Perfect,en,Comedy,17000000,115350426,32.746486,2012-09-28,112,7.3,2247,Pitch Perfect
26602,Summer Catch,en,Drama,34000000,19693891,3.960098,2001-08-22,108,4.8,63,Summer Catch
10223,A Simple Plan,en,Drama,0,0,10.178917,1998-12-11,121,6.9,187,A Simple Plan
16028,They,en,Horror,17000000,0,4.544216,2002-11-01,89,4.6,74,They
15639,Larry the Cable Guy: Health Inspector,en,Comedy,0,0,2.184708,2006-03-24,89,3.3,17,Larry the Cable Guy: Health Inspector
16112,The Adventures of Elmo in Grouchland,en,Family,0,0,3.09159,1999-10-01,73,6.3,14,The Adventures of Elmo in Grouchland
26390,Brooklyn's Finest,en,Crime,17000000,29536299,18.790102,2009-01-16,133,6.2,293,Brooklyn's Finest
27759,55 Days at Peking,en,Action,17000000,10000000,3.321095,1963-05-06,154,6.3,36,55 Days at Peking
109428,Evil Dead,en,Horror,17000000,97542952,33.912116,2013-04-05,91,6.4,1723,Evil Dead
23049,My Life in Ruins,en,Comedy,17000000,20455276,5.787891,2009-02-06,95,5.6,101,My Life in Ruins
9310,American Dreamz,en,Comedy,17000000,7314027,7.864011,2006-03-04,107,4.9,95,American Dreamz
11411,Superman IV: The Quest for Peace,en,Action,17000000,19300000,17.062117,1987-07-23,90,4.1,318,Superman IV: The Quest for Peace
16988,How She Move,en,Drama,0,0,1.782666,2008-01-25,94,3,6,How She Move
7304,Running Scared,en,Action,17000000,9500000,19.311572,2006-01-06,122,7,331,Running Scared
24747,Bobby Jones: Stroke of Genius,en,Drama,0,0,2.897449,2004-04-30,120,5.5,19,Bobby Jones: Stroke of Genius
58048,Shanghai Surprise,en,Adventure,17000000,0,0.138564,1986-08-29,97,2.9,15,Shanghai Surprise
1491,The Illusionist,en,Fantasy,40000000,86915017,36.960953,2006-08-18,110,7.1,1615,The Illusionist
2989,Roar,en,Adventure,17000000,2000000,1.15641,1981-11-12,102,5.6,19,Roar
10629,Veronica Guerin,en,Drama,17000000,1569918,9.583578,2003-07-11,98,6.8,59,Veronica Guerin
255343,Escobar: Paradise Lost,en,Thriller,17000000,3758328,25.112567,2014-10-11,120,6.1,271,Escobar: Paradise Lost
4723,Southland Tales,en,Action,17000000,374743,9.349386,2006-05-15,144,5.2,153,Southland Tales
10800,Chasseurs de dragons,fr,Animation,15000000,0,8.884405,2008-03-19,80,6.5,129,Dragon Hunters
25763,Damnation Alley,en,Action,17000000,8720000,2.215261,1977-09-10,91,5,27,Damnation Alley
79694,The Apparition,en,Horror,17000000,9627492,6.385234,2012-08-23,82,4.5,140,The Apparition
4032,My Girl,en,Comedy,16500000,0,20.935169,1991-11-27,102,7,428,My Girl
18615,Fur: An Imaginary Portrait of Diane Arbus,en,Drama,16800000,2281089,4.358255,2006-08-30,122,5.8,73,Fur: An Imaginary Portrait of Diane Arbus
10673,Wall Street,en,Crime,15000000,43848069,24.898687,1987-12-10,126,7,546,Wall Street
4584,Sense and Sensibility,en,Drama,16500000,135000000,20.898711,1995-12-13,136,7.2,352,Sense and Sensibility
2977,Becoming Jane,en,Drama,16500000,37311672,18.236284,2007-03-02,120,6.9,317,Becoming Jane
10760,Sydney White,en,Comedy,16500000,13620075,10.74648,2007-09-21,108,6,236,Sydney White
11093,House of Sand and Fog,en,Drama,16500000,16942795,12.102725,2003-12-19,126,7,199,House of Sand and Fog
207,Dead Poets Society,en,Drama,16400000,235860116,55.458584,1989-06-02,129,8.1,2705,Dead Poets Society
8467,Dumb and Dumber,en,Comedy,16000000,247275374,35.777067,1994-12-16,107,6.5,1859,Dumb and Dumber
639,When Harry Met Sally...,en,Comedy,16000000,92823546,18.430419,1989-07-21,96,7.3,950,When Harry Met Sally...
24226,The Verdict,en,Drama,16000000,53977250,7.980632,1982-12-08,129,7.4,131,The Verdict
9285,Road Trip,en,Comedy,16000000,119754278,14.759948,2000-05-19,93,5.9,542,Road Trip
14709,Varsity Blues,en,Comedy,0,0,9.229999,1999-01-15,106,6,122,Varsity Blues
74643,The Artist,en,Drama,15000000,133432856,29.943316,2011-05-15,100,7.3,1049,The Artist
13788,The Unborn,en,Horror,16000000,76514050,15.788784,2009-01-09,87,4.8,365,The Unborn
83666,Moonrise Kingdom,en,Comedy,16000000,68263166,41.083914,2012-05-16,94,7.6,1662,Moonrise Kingdom
10781,The Texas Chainsaw Massacre: The Beginning,en,Horror,16000000,0,21.380635,2006-10-06,91,5.9,402,The Texas Chainsaw Massacre: The Beginning
318850,The Young Messiah,en,Drama,18500000,6490401,1.884558,2016-03-10,120,6.4,30,The Young Messiah
13908,The Master of Disguise,en,Comedy,0,0,4.382761,2002-08-02,80,3.7,78,The Master of Disguise
1417,El laberinto del fauno,es,Fantasy,19000000,83258226,90.809408,2006-05-27,118,7.6,3041,Pan's Labyrinth
39180,See Spot Run,en,Action,0,0,6.579017,2001-03-02,94,4.8,44,See Spot Run
16161,Baby Boy,en,Crime,16000000,29381649,7.854989,2001-06-27,130,7.4,55,Baby Boy
49950,The Roommate,en,Thriller,16000000,40492759,11.807269,2011-02-04,91,5.3,224,The Roommate
10956,Joe Dirt,en,Mystery,17700000,30987695,15.976335,2001-04-10,91,5.5,242,Joe Dirt
9594,Double Impact,en,Thriller,15000000,30102717,10.484642,1991-08-10,110,5.3,215,Double Impact
4638,Hot Fuzz,en,Crime,12000000,80573774,38.623178,2007-02-14,121,7.4,2199,Hot Fuzz
13972,The Women,en,Comedy,16000000,50007546,8.8321,2008-09-12,114,4.6,96,The Women
5038,Vicky Cristina Barcelona,en,Drama,15000000,96408652,32.758254,2008-08-15,96,6.7,1020,Vicky Cristina Barcelona
13491,Arn: Tempelriddaren,sv,Action,25000000,0,6.091033,2007-12-17,139,6.4,76,Arn: The Knight Templar
10571,Boys and Girls,en,Comedy,16000000,20627372,9.119797,2000-06-16,94,5.4,103,Boys and Girls
10994,White Oleander,en,Drama,0,0,9.423866,2002-10-11,109,7.2,108,White Oleander
19994,Jennifer's Body,en,Comedy,16000000,31556061,32.257414,2009-09-18,100,5.3,837,Jennifer's Body
25166,Drowning Mona,en,Comedy,16000000,15427192,3.021835,2000-03-03,96,5.4,43,Drowning Mona
30890,Radio Days,en,Comedy,16000000,0,7.612849,1987-01-30,90,7,127,Radio Days
23169,Remember Me,en,Drama,20000000,0,36.764666,2010-03-12,113,6.9,948,Remember Me
17403,How to Deal,en,Drama,0,0,3.199784,2003-07-18,99,5.7,42,How to Deal
12120,My Stepmother is an Alien,en,Comedy,20000000,13854000,9.455596,1988-12-09,108,5.3,131,My Stepmother is an Alien
9800,Philadelphia,en,Drama,26000000,206678440,44.301745,1993-12-22,125,7.6,988,Philadelphia
1090,The Thirteenth Floor,en,Thriller,16000000,18564088,19.890428,1999-04-16,100,6.8,378,The Thirteenth Floor
18475,The Cookout,en,Comedy,16000000,12,0.830596,2004-09-03,97,4.6,10,The Cookout
40160,Meteor,en,Action,0,0,2.637355,1979-10-19,107,5.1,36,Meteor
18074,Duets,en,Comedy,0,0,2.25453,2000-09-09,112,5.5,34,Duets
9689,Hollywood Ending,en,Comedy,16000000,0,8.711782,2002-05-03,112,6.4,113,Hollywood Ending
9781,Detroit Rock City,en,Comedy,6500000,4217115,5.700333,1999-08-13,95,6.7,100,Detroit Rock City
8009,Highlander,en,Adventure,16000000,5900000,29.253833,1986-03-07,116,6.8,624,Highlander
3877,Things We Lost in the Fire,en,Drama,16000000,2849142,8.842869,2007-09-26,113,6.7,90,Things We Lost in the Fire
8854,Steel,en,Science Fiction,16000000,1686429,2.848727,1997-08-15,97,4.3,48,Steel
152599,The Immigrant,en,Drama,16000000,5867686,13.832464,2013-07-03,117,6.2,250,The Immigrant
18840,The White Countess,en,Drama,0,0,4.488547,2005-10-30,135,6.9,21,The White Countess
68727,Trance,en,Thriller,20000000,24261569,38.802415,2013-03-27,101,6.5,956,Trance
12657,Soul Plane,en,Romance,16000000,14822346,9.400404,2004-05-28,86,4.7,108,Soul Plane
8265,Bienvenue chez les ch'tis,fr,Comedy,11000000,53191886,18.923181,2008-01-09,106,6.8,615,Welcome to the Sticks
12410,Good,en,Drama,0,0,2.397987,2008-12-11,96,6.3,29,Good
34647,Enter the Void,en,Fantasy,13000000,754249,20.39955,2009-05-05,161,7.2,387,Enter the Void
73935,Vamps,en,Comedy,16000000,0,7.251897,2012-08-25,93,4.8,91,Vamps
28178,Hachi: A Dog's Tale,en,Drama,16000000,47801389,43.217089,2009-06-13,93,7.7,1717,Hachi: A Dog's Tale
185567,Zulu,en,Crime,16000000,0,14.529496,2013-12-04,110,6.7,172,Zulu
264656,The Homesman,en,Western,16000000,3442853,20.59148,2014-05-18,122,6.4,258,The Homesman
35696,Juwanna Mann,en,Comedy,15600000,0,2.244947,2002-06-21,91,4.2,20,Juwanna Mann
16351,Ararat,en,War,0,0,1.326264,2002-05-20,115,5.7,16,Ararat
38717,Madison,en,Action,0,0,0.212108,2001-01-23,99,5.3,3,Madison
18777,Slow Burn,en,Mystery,15500000,1237615,6.630856,2005-09-12,93,5.5,16,Slow Burn
2110,Wasabi,fr,Drama,15300000,0,18.20957,2001-10-31,94,6.2,283,Wasabi
9035,Slither,en,Comedy,15500000,0,17.327279,2006-03-31,95,6.3,317,Slither
90,Beverly Hills Cop,en,Action,15000000,316360478,29.843818,1984-11-29,105,6.8,961,Beverly Hills Cop
771,Home Alone,en,Comedy,18000000,476684675,2.186927,1990-11-09,103,7.1,2414,Home Alone
12154,Three Men and a Baby,es,Family,0,0,12.335827,1987-11-27,102,5.8,253,Three Men and a Baby
9576,Tootsie,en,Comedy,21000000,177200000,20.818567,1982-12-16,116,6.9,421,Tootsie
744,Top Gun,en,Action,15000000,356830601,58.900647,1986-05-16,110,6.7,1698,Top Gun
146,卧虎藏龙,zh,Adventure,17000000,213525736,45.742254,2000-10-01,120,7.2,927,"Crouching Tiger, Hidden Dragon"
14,American Beauty,en,Drama,15000000,356296601,80.878605,1999-09-15,122,7.9,3313,American Beauty
45269,The King's Speech,en,Drama,15000000,414211549,54.053576,2010-09-06,118,7.6,2752,The King's Speech
9493,Twins,en,Comedy,15000000,216614388,17.638286,1988-12-09,107,5.7,559,Twins
22556,The Yellow Handkerchief,en,Drama,15000000,317000,3.803495,2008-12-17,102,6.4,52,The Yellow Handkerchief
873,The Color Purple,en,Drama,15000000,146292009,17.571533,1985-12-18,154,7.7,338,The Color Purple
33196,해운대,ko,Action,16000000,11301649,4.628525,2009-06-06,120,6.5,48,Tidal Wave
205596,The Imitation Game,en,History,14000000,233555708,145.364591,2014-11-14,113,8,5723,The Imitation Game
10765,Private Benjamin,en,Comedy,0,0,12.18838,1980-10-06,109,6,102,Private Benjamin
16769,Coal Miner's Daughter,en,Drama,15000000,67182787,3.826685,1980-03-07,125,7.2,67,Coal Miner's Daughter
33217,Diary of a Wimpy Kid,en,Comedy,15000000,75700498,21.095489,2010-03-19,92,5.9,355,Diary of a Wimpy Kid
132232,Mama,en,Horror,15000000,146497771,47.455148,2013-01-17,100,6,1401,Mama
11153,National Lampoon's Vacation,en,Comedy,15000000,61399552,22.838834,1983-07-28,98,7.1,410,National Lampoon's Vacation
208134,Jackass Presents: Bad Grandpa,en,Comedy,15000000,151831537,27.165222,2013-10-22,92,6,680,Bad Grandpa
1165,The Queen,en,Drama,15000000,123384128,19.113278,2006-09-15,103,6.8,338,The Queen
4011,Beetlejuice,en,Fantasy,15000000,73326666,58.553213,1988-02-29,92,7.1,1444,Beetlejuice
17202,Why Did I Get Married?,en,Comedy,15000000,55184721,2.005111,2007-10-12,113,6.1,33,Why Did I Get Married?
9587,Little Women,en,Drama,18000000,0,16.418639,1994-12-21,115,7,215,Little Women
65086,The Woman in Black,en,Drama,17000000,127730736,43.675191,2012-02-01,95,6.1,1206,The Woman in Black
10053,When a Stranger Calls,en,Horror,15000000,66966987,4.688212,2006-02-03,87,5.4,268,When a Stranger Calls
11870,Big Fat Liar,en,Comedy,15000000,52970014,9.125594,2002-02-08,88,5.6,197,Big Fat Liar
11778,The Deer Hunter,en,Drama,15000000,50000000,19.786392,1978-12-08,183,7.8,921,The Deer Hunter
586,Wag the Dog,en,Comedy,15000000,64256513,13.581966,1997-12-25,97,6.7,270,Wag the Dog
18736,The Lizzie McGuire Movie,en,Family,17000000,55534455,11.927667,2003-04-25,94,5.7,280,The Lizzie McGuire Movie
134411,Snitch,en,Thriller,35000000,42930462,30.556135,2013-02-21,112,5.8,1138,Snitch
287903,Krampus,en,Horror,15000000,61548707,31.565117,2015-11-26,98,5.9,584,Krampus
9276,The Faculty,en,Horror,15000000,40283321,21.535126,1998-12-25,104,6.2,492,The Faculty
15765,What's Love Got to Do with It,en,Drama,0,0,7.921311,1993-06-09,118,6.9,72,What's Love Got to Do with It
2142,Cop Land,en,Action,15000000,44862187,19.284129,1997-08-15,104,6.6,382,Cop Land
11397,Not Another Teen Movie,en,Comedy,16000000,66468332,23.423082,2001-12-07,89,5.5,431,Not Another Teen Movie
77016,End of Watch,en,Crime,7000000,48126384,49.517264,2012-09-20,109,7.2,1170,End of Watch
11478,The Skulls,en,Crime,15000000,35007180,11.375032,2000-03-31,106,5.8,156,The Skulls
266856,The Theory of Everything,en,Drama,15000000,123726688,61.182331,2014-11-26,123,7.8,3311,The Theory of Everything
13411,Malibu's Most Wanted,en,Comedy,0,0,7.314796,2003-04-10,86,4.7,77,Malibu's Most Wanted
10564,Where the Heart Is,en,Comedy,15000000,33771174,6.857923,2000-04-27,120,6.9,155,Where the Heart Is
947,Lawrence of Arabia,en,Adventure,15000000,69995385,41.286336,1962-12-10,216,7.8,851,Lawrence of Arabia
24150,Halloween II,en,Horror,15000000,39421467,12.929525,2009-08-28,105,5.1,267,Halloween II
228970,Wild,en,Drama,15000000,52501541,42.952942,2014-12-05,115,7,951,Wild
18405,The Last House on the Left,en,Crime,15000000,32721635,19.760383,2009-03-13,110,6.2,440,The Last House on the Left
6961,The Wedding Date,en,Comedy,15000000,47175038,10.194097,2005-02-04,88,6.2,230,The Wedding Date
11442,Halloween: Resurrection,en,Horror,13000000,37664855,11.045593,2002-07-01,94,4.5,228,Halloween: Resurrection
2493,The Princess Bride,en,Adventure,16000000,30857814,44.533612,1987-09-18,98,7.6,1486,The Princess Bride
14047,The Great Debaters,en,Drama,15000000,30226144,10.84158,2007-12-27,126,6.9,151,The Great Debaters
64690,Drive,en,Drama,15000000,78054825,49.294864,2011-08-06,100,7.4,3725,Drive
11132,Confessions of a Teenage Drama Queen,en,Comedy,15000000,29331068,7.424798,2004-02-17,89,5.1,221,Confessions of a Teenage Drama Queen
17127,The Object of My Affection,en,Comedy,15000000,46905889,5.164281,1998-04-17,111,5.6,72,The Object of My Affection
1562,28 Weeks Later,en,Horror,15000000,64238440,34.759855,2007-04-26,100,6.5,1197,28 Weeks Later
232679,When the Game Stands Tall,en,Drama,15000000,30127963,7.297757,2014-08-22,115,6.3,130,When the Game Stands Tall
17880,Because of Winn-Dixie,en,Comedy,14000000,32645546,3.334804,2005-02-18,106,6.1,61,Because of Winn-Dixie
14736,Love & Basketball,en,Action,20000000,27728118,2.027393,2000-04-21,124,7.4,88,Love & Basketball
9434,Grosse Pointe Blank,en,Action,0,28084357,13.817269,1997-04-11,107,6.9,275,Grosse Pointe Blank
23706,All About Steve,en,Comedy,15000000,40105542,13.237835,2009-09-04,99,4.7,295,All About Steve
11531,Book of Shadows: Blair Witch 2,en,Mystery,0,0,3.890223,2000-10-27,90,4.3,212,Book of Shadows: Blair Witch 2
9100,The Craft,en,Drama,15000000,24769466,19.517239,1996-05-03,101,6.3,380,The Craft
116,Match Point,en,Drama,15000000,85306374,30.669913,2005-10-26,124,7.3,1105,Match Point
38843,Ramona and Beezus,en,Comedy,0,0,9.681147,2010-07-23,103,6.1,245,Ramona and Beezus
1245,The Remains of the Day,en,Drama,11500000,23237911,15.355589,1993-11-05,134,7.5,202,The Remains of the Day
4995,Boogie Nights,en,Drama,15000000,43101594,19.85579,1997-09-11,155,7.5,796,Boogie Nights
10413,Nowhere to Run,en,Action,0,0,11.689337,1993-01-15,94,5.5,119,Nowhere to Run
14012,Flicka,en,Drama,15000000,21000000,3.043589,2006-10-20,95,6.1,52,Flicka
9793,The Hills Have Eyes II,en,Horror,15000000,0,17.141376,2007-03-22,89,5.2,351,The Hills Have Eyes 2
12212,Urban Legends: Final Cut,en,Horror,14000000,38574362,8.885017,2000-09-19,97,4.4,100,Urban Legends: Final Cut
13768,Tuck Everlasting,en,Fantasy,0,0,4.115398,2002-10-11,90,6.4,128,Tuck Everlasting
8975,The Marine,en,Action,20000000,22165608,7.679336,2006-10-13,92,5,163,The Marine
342521,Keanu,en,Action,15000000,20566327,18.268009,2016-04-21,94,6,421,Keanu
45272,Country Strong,en,Drama,15000000,20529194,7.809701,2010-12-22,117,5.9,80,Country Strong
9424,Disturbing Behavior,en,Mystery,15000000,17507368,9.378688,1998-07-24,84,5.5,104,Disturbing Behavior
97367,The Place Beyond the Pines,en,Drama,15000000,35485608,35.395129,2013-03-20,140,6.8,1653,The Place Beyond the Pines
254904,The November Man,en,Crime,15000000,32556119,45.317278,2014-08-27,108,6,639,The November Man
18681,Eye of the Beholder,en,Drama,15000000,0,4.302941,1999-09-04,109,5.3,42,Eye of the Beholder
12162,The Hurt Locker,en,Drama,15000000,42000000,47.006162,2008-10-10,131,7.2,1840,The Hurt Locker
11495,Firestarter,en,Fantasy,15000000,17080167,11.379652,1984-05-11,114,5.9,173,Firestarter
64689,Killing Them Softly,en,Crime,15000000,37930465,24.612603,2012-09-20,97,5.8,742,Killing Them Softly
157849,A Most Wanted Man,en,Thriller,15000000,31554855,26.708193,2014-07-25,121,6.5,541,A Most Wanted Man
13166,Freddy Got Fingered,en,Comedy,0,0,8.710294,2001-04-18,87,4.6,115,Freddy Got Fingered
15511,VeggieTales: The Pirates Who Don't Do Anything,en,Adventure,0,0,1.800119,2008-01-11,85,5.9,25,VeggieTales: The Pirates Who Don't Do Anything
37003,U2 3D,en,Music,15000000,22730842,0.335195,2007-05-19,85,6.7,10,U2 3D
12211,Highlander: Endgame,en,Action,25000000,15843608,11.782725,2000-09-01,87,4.4,104,Highlander: Endgame
13816,Idlewild,en,Crime,0,0,2.711955,2006-08-25,121,5.1,17,Idlewild
51828,One Day,en,Drama,15000000,59389433,16.629173,2011-03-02,107,7,978,One Day
22798,Whip It,en,Drama,15000000,16633035,20.05902,2009-09-13,111,6.7,357,Whip It
7501,Knockaround Guys,en,Crime,15000000,12000000,8.113634,2001-09-07,92,5.9,97,Knockaround Guys
10743,Confidence,en,Action,0,0,9.87419,2003-04-25,97,6.4,126,Confidence
37718,The Muse,en,Fantasy,0,0,2.857936,1999-08-27,97,5.3,31,The Muse
15237,De-Lovely,en,Drama,20000000,0,3.138118,2004-07-02,125,6.3,32,De-Lovely
9686,New York Stories,en,Comedy,15000000,0,6.684096,1989-03-10,124,6.2,64,New York Stories
17644,Barney's Great Adventure,en,Family,0,0,0.722911,1998-01-01,76,2.9,8,Barney's Great Adventure
97430,The Man with the Iron Fists,en,Action,15000000,15608545,17.672021,2012-11-02,96,5.2,358,The Man with the Iron Fists
12257,Home Fries,en,Drama,15000000,10443316,3.033471,1998-11-25,93,4.8,32,Home Fries
13539,Here On Earth,en,Romance,0,0,3.313257,2000-03-23,96,5.4,48,Here On Earth
68,Brazil,en,Comedy,15000000,0,41.089863,1985-02-20,132,7.5,861,Brazil
14024,Raise Your Voice,en,Music,15000000,14867514,10.9071,2004-08-10,103,6,211,Raise Your Voice
115,The Big Lebowski,en,Comedy,15000000,46189568,49.230089,1998-03-06,117,7.8,2926,The Big Lebowski
7874,Black Snake Moan,en,Drama,15000000,10903846,11.429607,2006-12-08,116,6.6,243,Black Snake Moan
4911,Dark Blue,en,Action,15000000,9237470,6.373316,2002-12-14,118,6.5,85,Dark Blue
1988,A Mighty Heart,en,Drama,16000000,18928871,9.717392,2007-01-01,100,6.7,95,A Mighty Heart
16222,Whatever It Takes,en,Drama,15000000,9902115,8.074807,2000-03-31,94,5,37,Whatever It Takes
9557,Boat Trip,en,Comedy,20000000,8586376,7.034752,2002-10-01,94,4.7,146,Boat Trip
9026,The Importance of Being Earnest,en,Comedy,0,0,7.250379,2002-05-17,97,6.7,127,The Importance of Being Earnest
57943,The Love Letter,en,Comedy,0,0,0.116873,1998-02-01,98,4.7,3,The Love Letter
18276,Hoot,en,Drama,0,0,7.712206,2006-05-05,91,5.5,44,Hoot
8321,In Bruges,en,Comedy,15000000,34533783,25.329493,2008-02-08,107,7.4,1388,In Bruges
72359,Peeples,en,Comedy,15,0,5.112809,2013-05-09,95,5.6,26,Peeples
10186,The Rocker,en,Comedy,15000000,8762890,13.832376,2008-08-20,102,5.6,156,The Rocker
25704,Post Grad,en,Comedy,15000000,6405245,7.446069,2009-08-21,89,5,100,Post Grad
133694,Promised Land,en,Drama,15000000,8138788,13.568302,2012-09-23,106,6,243,Promised Land
19265,Whatever Works,en,Comedy,15000000,35097815,21.857387,2009-06-19,92,6.8,350,Whatever Works
36047,The In Crowd,en,Thriller,15000000,5217498,0.249245,2000-07-19,105,4.7,15,The In Crowd
8053,The Three Burials of Melquiades Estrada,en,Adventure,15000000,12036149,12.163832,2005-11-17,121,7,177,The Three Burials of Melquiades Estrada
2290,Jakob the Liar,en,Comedy,0,0,8.962245,1999-09-16,120,6,90,Jakob the Liar
5236,Kiss Kiss Bang Bang,en,Action,15000000,15785148,32.690038,2005-09-05,103,7.2,886,Kiss Kiss Bang Bang
6552,Idle Hands,en,Thriller,25000000,4152230,8.583217,1999-04-30,92,6.1,182,Idle Hands
1018,Mulholland Drive,en,Thriller,15000000,20117339,31.60985,2001-05-16,147,7.6,1477,Mulholland Drive
10075,Blood and Chocolate,en,Drama,0,0,12.295216,2007-01-26,98,5.4,87,Blood and Chocolate
38031,You Will Meet a Tall Dark Stranger,en,Comedy,22000000,0,12.4654,2010-05-23,98,5.8,251,You Will Meet a Tall Dark Stranger
42188,Never Let Me Go,en,Drama,15000000,9455232,30.983397,2010-09-15,104,6.8,737,Never Let Me Go
112430,The Company,en,Drama,0,0,1.485324,2007-08-05,276,7,12,The Company
6687,Transsiberian,en,Thriller,15000000,5926410,11.428903,2008-01-18,111,6.5,195,Transsiberian
13853,The Clan of the Cave Bear,en,Adventure,15000000,0,5.484679,1986-01-17,98,4.8,27,The Clan of the Cave Bear
31306,Crazy in Alabama,en,Comedy,0,0,5.770246,1999-10-22,111,6.5,12,Crazy in Alabama
8461,Funny Games,en,Horror,15000000,7938872,15.175289,2007-10-20,112,6.3,545,Funny Games
331592,Listening,en,Drama,0,0,2.414721,2015-09-11,100,5.5,31,Listening
47692,Felicia's Journey,en,Drama,0,0,0.470645,1999-11-24,116,6.6,23,Felicia's Journey
19,Metropolis,de,Drama,92620000,650422,32.351527,1927-01-10,153,8,657,Metropolis
10045,Banlieue 13,fr,Action,12000000,9584131,17.493735,2004-11-09,84,6.5,565,District B13
400,Things to Do in Denver When You're Dead,en,Drama,8000000,529766,6.932221,1995-12-01,116,6.7,85,Things to Do in Denver When You're Dead
253450,刺客聶隱娘,zh,Action,15000000,632542,8.142166,2015-08-27,105,6.6,157,The Assassin
9104,Buffalo Soldiers,en,Drama,15000000,0,6.329672,2001-09-08,98,6.5,93,Buffalo Soldiers
11190,Возвращение,ru,Thriller,0,0,7.744166,2003-06-25,105,7.4,100,The Return
16353,Ong Bak 2,th,Adventure,8500000,8936663,9.029489,2008-12-04,98,6,152,Ong Bak 2
23759,Centurion,en,Adventure,12000000,6814789,22.708647,2010-02-15,97,5.9,386,Centurion
24206,Silent Trigger,en,Drama,15000000,76382,2.609057,1996-06-26,93,5,22,Silent Trigger
10185,The Midnight Meat Train,en,Mystery,15000000,3533227,19.913961,2008-08-07,98,6,290,The Midnight Meat Train
75033,Winnie Mandela,en,Drama,15000000,0,1.897761,2011-09-16,107,5.2,5,Winnie Mandela
74536,The Son of No One,en,Drama,15000000,0,7.701186,2011-11-04,90,4.8,92,The Son of No One
31668,All The Queen's Men,en,Action,15000000,23000,1.833058,2001-10-14,99,6.1,7,All The Queen's Men
13501,The Good Night,en,Comedy,15000000,20380,12.185204,2007-01-25,93,5.7,41,The Good Night
15208,Bathory,en,Drama,0,0,2.500218,2008-07-04,141,5.6,31,Bathory: Countess of Blood
172391,Khumba,en,Animation,20000000,27187375,6.459787,2013-07-18,85,5.8,72,Khumba
262543,Autómata,en,Thriller,7000000,0,49.808505,2014-10-09,110,5.6,670,Automata
9288,Dungeons & Dragons: Wrath of the Dragon God,en,Action,0,0,4.901936,2005-01-01,105,4.8,36,Dungeons & Dragons: Wrath of the Dragon God
370980,Chiamatemi Francesco - Il Papa della gente,it,Drama,15000000,0,0.738646,2015-12-03,NA,7.3,12,Chiamatemi Francesco - Il Papa della gente
20083,新宿事件,zh,Drama,15000000,0,5.294319,2009-03-22,119,6.7,65,Shinjuku Incident
40880,Pandaemonium,en,Drama,0,0,0.165367,2001-06-29,124,4.5,2,Pandaemonium
137,Groundhog Day,en,Romance,14600000,70906973,52.744331,1993-02-11,101,7.4,2301,Groundhog Day
264999,Magic Mike XXL,en,Comedy,14800000,122513057,29.660993,2015-07-01,115,6.3,706,Magic Mike XXL
454,Romeo + Juliet,en,Drama,14500000,147298761,41.493042,1996-10-31,120,6.7,1374,Romeo + Juliet
53457,Elle s'appelait Sarah,fr,Drama,10000000,17511906,10.072199,2010-09-16,111,7.2,196,Sarah's Key
288980,Freedom,en,Drama,14500000,0,4.389363,2014-08-21,98,5.8,9,Freedom
33,Unforgiven,en,Western,14000000,159157447,37.380435,1992-08-07,131,7.7,1113,Unforgiven
1951,Manderlay,da,Drama,14200000,674918,7.05145,2005-05-16,139,6.9,78,Manderlay
12405,Slumdog Millionaire,en,Drama,15000000,377910544,59.258969,2008-05-12,120,7.6,2827,Slumdog Millionaire
10998,Fatal Attraction,en,Drama,14000000,320145693,16.742972,1987-09-11,119,6.6,291,Fatal Attraction
114,Pretty Woman,en,Romance,14000000,463000000,45.473484,1990-03-23,119,7,1746,Pretty Woman
9396,Crocodile Dundee II,en,Adventure,0,239606210,15.474831,1988-05-19,110,5.5,303,Crocodile Dundee II
319910,Broken Horses,en,Thriller,0,0,4.289676,2015-03-15,101,5,10,Broken Horses
2604,Born on the Fourth of July,en,Drama,14000000,161001698,25.949277,1989-12-20,145,6.7,395,Born on the Fourth of July
864,Cool Runnings,en,Comedy,14000000,154864401,22.409117,1993-09-30,98,6.8,491,Cool Runnings
14435,My Bloody Valentine,en,Mystery,15000000,100734718,13.706357,2009-01-16,101,5.3,299,My Bloody Valentine
1931,Stomp the Yard,en,Drama,13000000,75511123,6.92205,2007-05-16,114,6.1,88,Stomp the Yard
691,The Spy Who Loved Me,en,Adventure,14000000,185438673,27.17347,1977-07-07,125,6.6,507,The Spy Who Loved Me
9877,Urban Legend,en,Horror,14000000,72527595,12.159009,1998-09-25,99,5.6,290,Urban Legend
62008,Good Deeds,en,Comedy,0,0,4.448494,2012-02-23,111,6.2,45,Good Deeds
12227,White Fang,en,Action,14000000,34793160,13.13724,1991-01-18,107,6.5,135,White Fang
13824,Superstar,en,Comedy,0,0,4.04701,1999-10-08,81,5.1,83,Superstar
71688,The Iron Lady,en,History,13000000,114956699,23.3784,2011-12-30,105,6.2,527,The Iron Lady
15173,Jonah: A VeggieTales Movie,en,Action,0,0,1.446172,2002-10-04,82,6.4,22,Jonah: A VeggieTales Movie
8291,Poetic Justice,en,Drama,14000000,27515786,3.650857,1993-07-23,109,6.9,47,Poetic Justice
13950,All About the Benjamins,en,Action,14000000,25482931,5.102258,2002-03-08,95,5.8,48,All About the Benjamins
12158,Vampire in Brooklyn,en,Comedy,14000000,19800000,6.772615,1995-10-27,100,4.5,111,Vampire in Brooklyn
11586,Exorcist II: The Heretic,en,Horror,14000000,30749142,11.543363,1977-06-17,118,4.5,133,Exorcist II: The Heretic
10008,An American Haunting,en,Horror,0,0,7.436315,2005-05-05,83,5.3,142,An American Haunting
2830,My Boss's Daughter,en,Comedy,14000000,0,14.813614,2003-08-21,83,4.4,180,My Boss's Daughter
12403,A Perfect Getaway,en,Thriller,14000000,22852638,20.792603,2009-06-08,98,6.2,351,A Perfect Getaway
34563,Our Family Wedding,en,Comedy,14000000,21409028,6.733485,2010-03-12,103,5.7,39,Our Family Wedding
14557,Dead Man on Campus,en,Comedy,0,0,7.708227,1998-08-21,96,5.6,49,Dead Man on Campus
10368,Tea with Mussolini,en,Comedy,12000000,21001563,2.238646,1999-03-25,117,5.8,32,Tea with Mussolini
10280,Thinner,en,Horror,0,0,7.866961,1996-10-25,92,5.5,124,Thinner
12637,"New York, New York",en,Drama,0,0,3.876242,1977-06-21,155,6.1,67,"New York, New York"
34152,Crooklyn,en,Comedy,0,0,1.89218,1994-05-13,115,6.7,31,Crooklyn
14434,I Think I Love My Wife,en,Comedy,11000000,13196245,4.536745,2007-03-16,90,5,55,I Think I Love My Wife
11470,Jason X,en,Horror,11000000,16951798,11.220643,2001-07-24,91,4.5,291,Jason X
10741,Bobby,en,History,0,0,11.706309,2006-09-05,120,6.4,119,Bobby
24940,Head Over Heels,en,Comedy,14000000,10424470,4.66723,2001-02-02,86,5.3,73,Head Over Heels
82679,Fun Size,en,Comedy,14000000,11417362,7.487843,2012-10-25,87,5.5,134,Fun Size
2013,Le scaphandre et le papillon,fr,Drama,14000000,19777647,13.65494,2007-05-22,112,7.4,283,The Diving Bell and the Butterfly
1440,Little Children,en,Romance,26000000,14821658,11.942862,2006-10-06,136,6.9,240,Little Children
18041,Gossip,en,Drama,14000000,5108820,5.833687,2000-04-21,90,5.5,68,Gossip
28029,A Walk on the Moon,en,Drama,14000000,0,6.370267,1999-01-29,107,6.2,21,A Walk on the Moon
1123,Catch a Fire,en,Action,0,4291965,4.052219,2006-10-27,101,6.4,25,Catch a Fire
14033,Soul Survivors,en,Horror,0,0,3.231848,2001-09-06,84,4.4,49,Soul Survivors
87729,Jefferson in Paris,en,Drama,14000000,2474000,0.900442,1995-03-31,139,5.2,10,Jefferson in Paris
16899,Easy Virtue,en,Comedy,0,0,8.387573,2008-01-01,93,6.3,108,Easy Virtue
41317,Caravans,en,Action,0,0,0.633004,1978-11-02,127,5.8,1,Caravans
245700,Mr. Turner,en,History,0,5405500,9.242554,2014-10-31,150,6.3,204,Mr. Turner
37842,Les herbes folles,fr,Drama,0,0,1.866443,2009-05-20,104,5.8,22,Wild Grass
9045,Amen.,fr,Drama,0,0,5.930533,2002-02-13,132,7.1,75,Amen.
44092,剑雨,zh,History,12000000,0,4.930129,2010-09-01,117,6.7,57,Reign of Assassins
16005,The Lucky Ones,en,Comedy,0,0,8.747922,2008-09-26,113,6.3,55,The Lucky Ones
44754,Margaret,en,Drama,14000000,46495,4.898424,2011-09-30,149,6.1,86,Margaret
23988,Stan Helsing,en,Comedy,108,0,7.410523,2009-10-27,90,4,97,Stan Helsing
43949,Flipped,en,Romance,14000000,1755212,24.210698,2010-08-06,89,7.4,418,Flipped
142,Brokeback Mountain,en,Drama,14000000,178043761,44.135568,2005-09-02,134,7.5,1480,Brokeback Mountain
9603,Clueless,en,Comedy,12000000,0,16.051328,1995-07-19,97,6.9,803,Clueless
10712,Far from Heaven,en,Drama,13500000,29027914,9.982885,2002-09-01,107,6.9,144,Far from Heaven
243938,Hot Tub Time Machine 2,en,Comedy,14000000,12314651,16.618874,2015-02-20,93,5,354,Hot Tub Time Machine 2
10876,Quills,en,Drama,13500000,7060876,7.261196,2000-11-22,124,6.8,128,Quills
86838,Seven Psychopaths,en,Comedy,15000000,19422261,32.306455,2012-09-07,110,6.7,1206,Seven Psychopaths
25208,The Caveman's Valentine,en,Drama,0,0,4.722403,2001-01-19,105,6,27,The Caveman's Valentine
613,Der Untergang,de,Drama,18339750,92180910,32.445895,2004-09-08,156,7.7,1037,Downfall
1913,Mar adentro,es,Drama,12806000,38535221,17.363739,2004-09-03,125,7.2,219,The Sea Inside
97370,Under the Skin,en,Thriller,13300000,5380251,29.782161,2014-03-14,108,6,1102,Under the Skin
801,"Good Morning, Vietnam",en,Comedy,13000000,123922370,18.362333,1987-12-23,121,7.1,642,"Good Morning, Vietnam"
70829,The Last Godfather,en,Action,13400000,16700000,0.680753,2010-12-29,100,4.7,7,The Last Godfather
54518,Justin Bieber: Never Say Never,en,Documentary,13000000,98441954,6.735922,2011-02-11,105,4.8,154,Justin Bieber: Never Say Never
44214,Black Swan,en,Drama,13000000,327803731,91.285683,2010-12-02,108,7.3,4430,Black Swan
240,The Godfather: Part II,en,Drama,13000000,47542841,105.792936,1974-12-20,200,8.3,3338,The Godfather: Part II
9816,Save the Last Dance,en,Drama,13000000,91038276,9.969624,2001-01-12,112,6.3,352,Save the Last Dance
10131,A Nightmare on Elm Street 4: The Dream Master,en,Horror,7000000,72500000,17.113408,1988-08-19,99,5.8,281,A Nightmare on Elm Street 4: The Dream Master
339984,Miracles from Heaven,en,Drama,16000000,77000000,10.248439,2016-03-17,117,6.7,186,Miracles from Heaven
8859,"Dude, Where’s My Car?",en,Comedy,13000000,73180723,25.316146,2000-12-15,83,5.2,509,"Dude, Where’s My Car?"
11967,Young Guns,en,Crime,13000000,44726644,9.499325,1988-08-12,107,6.6,258,Young Guns
239563,St. Vincent,en,Comedy,13000000,54837234,43.791745,2014-10-09,102,7.1,763,St. Vincent
222899,About Last Night,en,Comedy,12500000,49002684,11.828068,2014-02-14,100,6,210,About Last Night
4951,10 Things I Hate About You,en,Comedy,16000000,53478166,54.550275,1999-03-30,97,7.3,1701,10 Things I Hate About You
10985,The New Guy,en,Comedy,13000000,0,13.525704,2002-05-10,88,5.7,151,The New Guy
9644,National Lampoon's Loaded Weapon 1,en,Comedy,0,0,12.963328,1993-02-04,84,5.7,157,National Lampoon's Loaded Weapon 1
332567,The Shallows,en,Horror,17000000,119100758,60.829621,2016-06-24,86,6.2,1567,The Shallows
1954,The Butterfly Effect,en,Science Fiction,13000000,96060858,73.307513,2004-01-22,113,7.3,2060,The Butterfly Effect
15489,Snow Day,en,Comedy,0,0,7.964289,2000-02-11,89,4.8,51,Snow Day
15250,This Christmas,en,Comedy,13000000,0,2.388918,2007-11-27,117,7.1,29,This Christmas
22345,Baby Geniuses,en,Science Fiction,12000000,36450736,4.580081,1999-03-12,97,3.3,75,Baby Geniuses
9448,The Big Hit,en,Action,13000000,27007143,6.425528,1998-04-24,91,6.1,109,The Big Hit
38223,Harriet the Spy,en,Comedy,12000000,0,4.63093,1996-07-10,100,5.7,46,Harriet the Spy
11186,Child's Play 2,en,Drama,13000000,35763605,16.681567,1990-11-09,84,5.8,308,Child's Play 2
136835,No Good Deed,en,Crime,13200000,53830415,24.656068,2014-09-10,83,5.6,181,No Good Deed
5876,The Mist,en,Science Fiction,18000000,57096190,37.104353,2007-11-21,126,6.7,1399,The Mist
264660,Ex Machina,en,Drama,15000000,36869414,95.130041,2015-01-21,108,7.6,4737,Ex Machina
492,Being John Malkovich,en,Fantasy,13000000,22863596,27.546914,1999-09-30,112,7.3,1101,Being John Malkovich
25462,Two Can Play That Game,en,Comedy,6000000,0,2.27213,2001-09-07,90,6.6,17,Two Can Play That Game
238603,Earth to Echo,en,Family,13000000,45300000,17.371327,2014-06-14,89,5.7,290,Earth to Echo
10691,Crazy/Beautiful,en,Drama,13000000,16929123,6.130096,2001-06-29,99,6.6,96,Crazy/Beautiful
1251,Letters from Iwo Jima,en,Action,19000000,68673228,24.47248,2006-12-19,141,7.2,541,Letters from Iwo Jima
5172,The Astronaut Farmer,en,Adventure,13000000,11130889,6.764437,2006-10-15,104,6.2,123,The Astronaut Farmer
58680,Woo,en,Comedy,13000000,8026971,1.750054,1998-05-08,84,5.5,10,Woo
264644,Room,en,Drama,6000000,35401758,66.11334,2015-10-16,117,8.1,2757,Room
14577,Dirty Work,en,Comedy,0,0,9.066881,1998-06-12,82,6.5,66,Dirty Work
11592,Serial Mom,en,Comedy,13000000,7820688,6.170139,1994-04-13,95,6.4,135,Serial Mom
16406,Dick,en,Comedy,13000000,27500000,4.742537,1999-08-04,94,5.7,67,Dick
19052,Light It Up,en,Drama,0,0,1.212956,1999-11-04,99,6.6,7,Light It Up
3682,54,en,Music,13000000,16757163,11.880899,1998-08-28,106,5.5,135,54
9683,Bubble Boy,en,Adventure,0,0,10.131123,2001-08-24,84,5.1,163,Bubble Boy
2084,Birthday Girl,en,Comedy,13000000,0,5.831302,2001-09-06,93,6.1,103,Birthday Girl
107811,21 & Over,en,Comedy,13000000,48065672,35.522027,2013-03-01,93,5.7,737,21 & Over
2266,"Paris, je t'aime",fr,Drama,13000000,4857367,10.573191,2006-05-16,120,6.8,207,"Paris, je t'aime"
13074,Resurrecting the Champ,en,Drama,0,0,4.898437,2007-06-14,112,5.9,60,Resurrecting the Champ
144340,Admission,en,Comedy,13000000,18000000,17.632446,2013-03-21,107,5.4,304,Admission
48217,La veuve de Saint-Pierre,en,Romance,0,0,1.780065,2000-01-01,112,6.7,11,The Widow of Saint-Pierre
28211,Chloe,en,Drama,15000000,8459458,26.373864,2009-03-25,96,5.9,498,Chloe
47502,Faithful,en,Comedy,13000000,9789900,1.647335,1996-04-03,91,4.8,4,Faithful
9950,Find Me Guilty,en,Drama,13000000,2636637,12.321302,2006-03-16,125,6.5,138,Find Me Guilty
84892,The Perks of Being a Wallflower,en,Drama,13000000,33400000,43.444135,2012-09-20,102,7.7,2968,The Perks of Being a Wallflower
24227,Excessive Force,en,Action,3000000,1200000,1.279106,1993-05-14,87,4.5,10,Excessive Force
9672,Infamous,en,Drama,13000000,1151330,3.680896,2006-11-16,110,6.4,60,Infamous
44853,The Claim,en,Drama,0,0,2.996284,2000-12-29,120,5.6,17,The Claim
157544,The Vatican Tapes,en,Thriller,13000000,1784763,10.475368,2015-07-24,91,4.6,243,The Vatican Tapes
59678,Attack the Block,en,Action,14350531,3964682,30.952377,2011-05-12,88,6.3,733,Attack the Block
79777,In the Land of Blood and Honey,en,Drama,10000000,303877,4.267466,2011-12-23,127,5.8,45,In the Land of Blood and Honey
158011,The Call,en,Crime,13000000,68572378,34.532418,2013-03-14,94,6.6,1257,The Call
407887,인천상륙작전,ko,History,0,0,6.116436,2016-07-27,110,5.8,29,Operation Chromite
17043,The Crocodile Hunter: Collision Course,en,Family,0,33082548,1.714972,2002-07-26,90,5.3,34,The Crocodile Hunter: Collision Course
8952,I Love You Phillip Morris,en,Comedy,13000000,10652035,19.664699,2009-01-18,98,6.4,503,I Love You Phillip Morris
62204,La Guerre du feu,xx,Adventure,12000000,55260558,6.537986,1981-12-15,100,7.1,109,Quest for Fire
13435,Antwone Fisher,en,Drama,12500000,23367586,13.349012,2002-12-19,120,6.7,137,Antwone Fisher
17187,The Emperor's Club,en,Drama,0,0,6.796079,2002-11-22,108,6.9,96,The Emperor's Club
319,True Romance,en,Action,12500000,12281551,35.268557,1993-09-09,120,7.5,749,True Romance
59457,Womb,en,Romance,3100000,0,7.453347,2010-07-15,111,5.9,92,Womb
9504,Glengarry Glen Ross,en,Crime,12500000,10725228,13.939054,1992-09-15,100,7.5,323,Glengarry Glen Ross
37414,The Killer Inside Me,en,Crime,13000000,0,11.892615,2010-02-19,109,6,173,The Killer Inside Me
6217,Cat People,en,Drama,0,0,5.69872,1982-04-02,118,6,94,Cat People
26688,Sorority Row,en,Horror,12500000,27206120,8.780512,2009-09-09,101,5.4,177,Sorority Row
43867,The Prisoner of Zenda,en,Adventure,0,0,4.021389,1937-09-03,101,8.4,11,The Prisoner of Zenda
6615,Lars and the Real Girl,en,Comedy,12000000,11293663,15.817096,2007-10-12,106,7.1,509,Lars and the Real Girl
14574,The Boy in the Striped Pyjamas,en,War,12500000,20416563,34.821223,2008-05-07,94,7.7,1451,The Boy in the Striped Pyjamas
16,Dancer in the Dark,en,Drama,12800000,40031879,22.022228,2000-05-17,140,7.6,377,Dancer in the Dark
39780,Oscar and Lucinda,en,Drama,0,0,0.139384,1997-12-31,132,6.2,25,Oscar and Lucinda
21612,The Funeral,en,Crime,12500000,1227324,2.950618,1996-01-26,99,7.3,31,The Funeral
36691,Solitary Man,en,Comedy,15000000,5024782,7.497306,2009-09-07,90,5.8,84,Solitary Man
23631,Machete,en,Action,20000000,31327899,26.396191,2010-09-01,105,6.3,1150,Machete
45324,Casino Jack,en,Crime,12500000,1083683,6.546037,2010-09-16,108,6,94,Casino Jack
12144,The Land Before Time,en,Animation,12300000,84460846,28.670193,1988-11-18,69,7,640,The Land Before Time
11658,태극기 휘날리며,ko,Action,0,15,9.572705,2004-02-05,140,7.4,133,Tae Guk Gi: The Brotherhood of War
56601,The Perfect Game,en,Drama,12500000,3878993,0.903529,2010-04-01,118,6.3,30,The Perfect Game
9552,The Exorcist,en,Drama,8000000,441306145,47.584643,1973-12-26,122,7.5,2005,The Exorcist
578,Jaws,en,Horror,7000000,470654000,50.152327,1975-06-18,124,7.5,2542,Jaws
2105,American Pie,en,Comedy,11000000,235483004,60.767168,1999-07-09,95,6.4,2296,American Pie
126319,Ernest et Célestine,fr,Animation,12516654,8109160,11.103202,2012-12-12,78,7.6,142,Ernest & Celestine
10136,The Golden Child,en,Action,25000000,79817939,15.26213,1986-12-12,94,5.6,304,The Golden Child
67660,Think Like a Man,en,Comedy,12000000,96070507,6.035152,2012-04-16,122,6.9,281,Think Like a Man
10611,Barbershop,en,Comedy,12000000,75781642,10.297189,2002-04-01,102,6.2,137,Barbershop
154,Star Trek II: The Wrath of Khan,en,Action,12000000,96800000,22.434102,1982-06-03,113,7.3,675,Star Trek II: The Wrath of Khan
3049,Ace Ventura: Pet Detective,en,Comedy,15000000,107217396,41.249004,1994-02-04,86,6.4,1648,Ace Ventura: Pet Detective
860,WarGames,en,Thriller,12000000,79567667,23.161754,1983-06-03,114,7,504,WarGames
9281,Witness,en,Crime,12000000,68706993,19.195399,1985-02-08,113,7,375,Witness
75674,Act of Valor,en,Action,12000000,81272766,21.958055,2012-02-24,110,6.3,417,Act of Valor
9762,Step Up,en,Music,12000000,114194847,45.477802,2006-08-11,104,6.7,1060,Step Up
3179,Beavis and Butt-Head Do America,en,Animation,12000000,0,12.60629,1996-12-15,81,6.5,168,Beavis and Butt-Head Do America
184,Jackie Brown,en,Comedy,12000000,39673162,40.631671,1997-12-24,154,7.3,1514,Jackie Brown
13335,Harold & Kumar Escape from Guantanamo Bay,en,Comedy,12000000,43493123,26.219598,2008-04-25,107,6.2,497,Harold & Kumar Escape from Guantanamo Bay
76726,Chronicle,en,Science Fiction,15000000,145000000,64.504747,2012-02-01,84,6.6,1935,Chronicle
10269,Yentl,en,Music,12000000,30400000,3.389249,1983-11-18,132,6.2,51,Yentl
36819,Time Bandits,en,Family,5000000,42365581,14.779537,1981-07-13,116,6.6,249,Time Bandits
17130,Crossroads,en,Action,12000000,61141030,6.703319,2002-02-15,93,4.7,158,Crossroads
57214,Project X,en,Comedy,12000000,100000000,49.070321,2012-03-01,88,6.5,1564,Project X
11202,Patton,en,Drama,12000000,89800000,21.933822,1970-01-25,172,7.3,323,Patton
9357,One Hour Photo,en,Horror,12000000,52223306,20.624896,2002-08-21,96,6.6,435,One Hour Photo
13812,Quarantine,en,Horror,12000000,40855419,8.083995,2008-10-10,89,5.5,339,Quarantine
9030,The Eye,en,Drama,12000000,56309766,11.135734,2008-02-01,98,5.5,281,The Eye
19084,Johnson Family Vacation,en,Comedy,12000000,31179516,4.623609,2004-04-07,97,4.7,30,Johnson Family Vacation
8386,How High,en,Comedy,12000000,31155435,11.510281,2001-12-21,93,6.3,218,How High
10437,The Muppet Christmas Carol,en,Comedy,0,27281507,15.085981,1992-12-10,85,7.2,212,The Muppet Christmas Carol
1360,Frida,en,Drama,12000000,56298474,18.422327,2002-08-29,123,7.3,383,Frida
101267,Katy Perry: Part of Me,en,Documentary,12000000,32726956,8.410688,2012-06-28,93,6.5,85,Katy Perry: Part of Me
222935,The Fault in Our Stars,en,Romance,12000000,307166834,74.358971,2014-05-16,125,7.6,3759,The Fault in Our Stars
10220,Rounders,en,Drama,12000000,22921898,18.422008,1998-09-11,121,6.9,439,Rounders
284296,Top Five,en,Drama,0,25434291,15.896312,2014-12-12,102,6.3,210,Top Five
31915,Prophecy,en,Horror,12000000,54000000,8.61659,1979-01-01,102,5.4,25,Prophecy
11601,Stir of Echoes,en,Horror,12000000,21133087,6.044161,1999-09-10,99,6.5,330,Stir of Echoes
205220,Philomena,en,Drama,12000000,100129872,29.019504,2013-11-01,98,7.4,579,Philomena
11354,The Upside of Anger,en,Comedy,0,0,6.2464,2005-01-23,118,6.4,72,The Upside of Anger
16241,The Boys from Brazil,en,Horror,0,0,5.315213,1978-10-05,125,6.6,101,The Boys from Brazil
14191,Aquamarine,en,Fantasy,12000000,23006849,16.931846,2006-03-03,104,5.8,364,Aquamarine
286565,Paper Towns,en,Drama,12000000,85512300,64.610671,2015-06-18,109,6.1,1937,Paper Towns
26710,My Baby's Daddy,en,Comedy,0,51,4.480167,2004-01-09,86,4.3,15,My Baby's Daddy
129670,Nebraska,en,Drama,12000000,17654912,29.223881,2013-09-21,115,7.4,636,Nebraska
9059,Tales from the Crypt: Demon Knight,en,Horror,0,0,7.710797,1995-01-13,92,6.7,94,Tales from the Crypt: Demon Knight
34549,Max Keeble's Big Move,en,Comedy,12000000,17292381,1.081822,2001-10-05,86,5.4,33,Max Keeble's Big Move
57157,Young Adult,en,Comedy,12000000,22939027,16.183746,2011-12-16,94,5.6,364,Young Adult
1948,Crank,en,Action,12000000,42931041,47.992817,2006-08-31,88,6.6,1151,Crank
28353,How to Be a Player,en,Comedy,0,13960203,1.20245,1997-08-06,93,5.3,8,Def Jam's How to Be a Player
46889,Living Out Loud,en,Comedy,12000000,12902790,0.700792,1998-10-30,100,5.3,11,Living Out Loud
38093,Just Wright,en,Comedy,0,21520719,10.409253,2010-05-14,100,6.1,99,Just Wright
14976,Rachel Getting Married,en,Drama,0,0,14.345428,2008-10-03,113,6.1,163,Rachel Getting Married
11027,The Postman Always Rings Twice,en,Romance,12000000,0,6.803763,1981-03-20,122,6.4,110,The Postman Always Rings Twice
3635,Girl with a Pearl Earring,en,Drama,0,31466789,19.944479,2003-08-31,101,6.4,377,Girl with a Pearl Earring
387,Das Boot,de,Action,14000000,85000000,26.967494,1981-09-16,149,7.9,613,Das Boot
6020,Sorority Boys,en,Comedy,12000000,0,3.444542,2002-03-22,93,4.6,47,Sorority Boys
122906,About Time,en,Comedy,0,87100449,74.817641,2013-08-16,123,7.8,2067,About Time
9550,十面埋伏,zh,Adventure,0,92863945,21.064082,2004-05-19,119,7.1,439,House of Flying Daggers
60599,Arbitrage,en,Drama,12000000,35485056,16.40512,2012-09-14,100,6.1,294,Arbitrage
227719,Project Almanac,en,Science Fiction,12000000,32248241,32.940597,2015-01-30,106,6.4,933,Project Almanac
14299,Cadillac Records,en,Drama,12000000,0,13.427427,2008-12-05,109,6.9,86,Cadillac Records
19419,Screwed,en,Action,0,0,5.359381,2000-05-12,81,4.9,23,Screwed
12088,Fortress,en,Action,8000000,6739141,8.708229,1992-09-30,95,5.7,168,Fortress
14799,For Your Consideration,en,Comedy,12000000,5542025,4.330428,2006-11-22,86,5.9,43,For Your Consideration
9466,Celebrity,en,Drama,0,0,7.594593,1998-09-07,113,6,111,Celebrity
7510,Running with Scissors,en,Drama,12000000,6754898,4.770195,2006-10-27,116,5.8,78,Running with Scissors
31246,From Justin to Kelly,en,Comedy,12000000,4922166,1.623338,2003-06-20,90,3,23,From Justin to Kelly
61752,Girl 6,en,Comedy,12000000,4939939,2.993939,1996-03-22,108,5.7,16,Girl 6
10944,In the Cut,en,Mystery,12000000,23,10.536092,2003-09-09,119,4.6,89,In the Cut
10362,Two Lovers,en,Drama,12000000,3148182,8.290636,2008-11-19,110,6.6,154,Two Lovers
14778,Last Orders,en,Comedy,0,0,3.603842,2001-09-10,109,6,22,Last Orders
1255,괴물,ko,Horror,11000000,88489643,27.65527,2006-07-27,119,6.7,537,The Host
45226,The Pursuit of D.B. Cooper,en,Adventure,0,0,1.379643,1981-11-13,100,6.8,4,The Pursuit of D.B. Cooper
10212,Ravenous,en,Comedy,12000000,0,9.164386,1999-03-16,100,6.9,141,Ravenous
8669,Charlie Bartlett,en,Comedy,12000000,0,9.779444,2008-02-22,97,6.5,225,Charlie Bartlett
179144,La grande bellezza,it,Comedy,12400000,8371085,32.523573,2013-05-21,142,7.3,720,The Great Beauty
16857,The Dangerous Lives of Altar Boys,en,Comedy,0,0,2.24888,2002-06-14,104,6.4,53,The Dangerous Lives of Altar Boys
86825,Stoker,en,Drama,12000000,12077441,27.322212,2013-02-28,99,6.5,882,Stoker
844,2046,zh,Fantasy,12000000,19271312,12.664787,2004-05-20,129,6.9,206,2046
8060,Married Life,en,Crime,12000000,0,3.004432,2007-09-12,90,6.1,38,Married Life
15907,Duma,en,Adventure,12000000,0,4.795244,2005-04-22,100,6.9,41,Duma
38448,Ondine,en,Drama,12000000,1644755,5.841285,2009-09-14,111,6.5,84,Ondine
327,Brother,ja,Crime,12000000,15250000,5.327714,2000-09-09,114,6.8,107,Brother
9260,Welcome to Collinwood,en,Comedy,1200000,0,3.582733,2002-05-24,86,6.2,50,Welcome to Collinwood
61337,Critical Care,en,Comedy,0,0,2.678715,1997-10-31,107,6.1,9,Critical Care
13079,The Life Before Her Eyes,en,Thriller,8000000,0,9.728143,2007-09-08,90,6.1,88,The Life Before Her Eyes
89325,Darling Companion,en,Drama,0,0,2.303865,2012-04-20,103,5.3,22,Darling Companion
4170,Trade,en,Drama,12000000,0,11.237374,2007-01-23,120,6.8,67,Trade
41508,Sorstalanság,hu,War,0,0,1.906807,2005-02-10,140,6.5,28,Fateless
12479,Breakfast of Champions,en,Comedy,12000000,0,2.695896,1999-02-13,110,5.2,28,Breakfast of Champions
44555,三枪拍案惊奇,zh,Comedy,0,0,1.416796,2009-12-11,95,4.8,13,"A Woman, a Gun and a Noodle Shop"
10133,Cypher,en,Thriller,7500000,0,11.636883,2002-10-01,95,6.7,192,Cypher
21345,南京!南京!,zh,Drama,12000000,10652498,4.793348,2009-04-22,132,7.6,55,City of Life and Death
173931,兔侠传奇,zh,Animation,19000000,2570000,0.738652,2011-01-01,89,3,3,Legend of a Rabbit
61984,Space Battleship Yamato,ja,Science Fiction,12000000,11212294,5.158067,2010-12-01,131,6.3,59,Space Battleship Yamato
50601,5 Days of War,en,War,20000000,17479,5.727602,2011-04-14,113,5.8,62,5 Days of War
26466,Triangle,en,Horror,12000000,0,25.496926,2009-10-16,99,6.9,612,Triangle
345003,10 Days in a Madhouse,en,Drama,1200000,0,0.489271,2015-11-20,111,4.3,5,10 Days in a Madhouse
236751,Heaven is for Real,en,Drama,12000000,101332962,11.150261,2014-04-16,99,6,229,Heaven is for Real
107,Snatch,en,Thriller,10000000,83557872,53.595686,2000-09-01,103,7.7,2912,Snatch
357837,Dancin' It's On,cs,Drama,0,0,0.186234,2015-10-16,89,4.3,2,Dancin' It's On
8913,Pet Sematary,en,Drama,11500000,57469467,20.747994,1989-04-21,103,6.4,407,Pet Sematary
13889,まあだだよ,ja,Drama,0,0,2.930853,1993-04-17,134,7.5,20,Madadayo
18530,The Cry of the Owl,en,Drama,11500000,0,4.75919,2009-02-07,101,5.5,29,The Cry of the Owl
358451,三城记,zh,Drama,0,0,0.753362,2015-08-28,130,6.3,5,A Tale of Three Cities
927,Gremlins,en,Fantasy,11000000,153083102,45.072136,1984-06-07,106,6.9,1596,Gremlins
11,Star Wars,en,Adventure,11000000,775398007,126.393695,1977-05-25,121,8.1,6624,Star Wars
291870,Dirty Grandpa,en,Comedy,11500000,94073028,56.805781,2016-01-21,102,5.7,1406,Dirty Grandpa
907,Doctor Zhivago,en,Drama,11000000,111858363,12.854853,1965-12-22,197,7.4,247,Doctor Zhivago
206563,Trash,pt,Adventure,0,0,14.637357,2014-10-09,112,7.1,242,Trash
11887,High School Musical 3: Senior Year,en,Comedy,0,0,21.801188,2008-10-22,116,6.2,821,High School Musical 3: Senior Year
45317,The Fighter,en,Drama,25000000,93617009,31.019381,2010-12-17,116,7.2,1486,The Fighter
12094,Jackass Number Two,en,Action,11000000,72778712,11.227087,2006-09-22,95,6.4,298,Jackass Number Two
10377,My Cousin Vinny,en,Comedy,11000000,64088552,19.231507,1992-03-13,120,7.3,384,My Cousin Vinny
249164,If I Stay,en,Drama,11000000,78874843,31.162838,2014-08-21,106,7.3,1368,If I Stay
256092,Drive Hard,en,Action,12000000,0,3.94487,2014-05-26,96,3.9,74,Drive Hard
9942,Major League,en,Comedy,11000000,49797148,7.559192,1989-02-16,107,6.6,217,Major League
10748,St. Trinian's,en,Comedy,0,0,7.377587,2007-12-21,101,5.6,142,St. Trinian's
1817,Phone Booth,en,Thriller,13000000,97837138,38.018085,2002-09-09,81,6.7,1062,Phone Booth
10229,A Walk to Remember,en,Drama,11000000,41227069,33.283554,2002-01-25,101,7.5,1018,A Walk to Remember
687,Dead Man Walking,en,Drama,11000000,39363635,15.864928,1995-12-29,122,7.3,337,Dead Man Walking
796,Cruel Intentions,en,Drama,10500000,75902208,23.449703,1999-03-05,97,6.6,827,Cruel Intentions
22804,Saw VI,en,Horror,11000000,68233629,31.900899,2009-10-22,90,6,722,Saw VI
10156,History of the World: Part I,en,Comedy,11000000,31672907,14.282314,1981-06-12,92,6.5,204,History of the World: Part I
12837,The Secret Life of Bees,en,Adventure,11000000,38105395,7.645979,2008-09-17,114,7.4,158,The Secret Life of Bees
17708,Corky Romano,en,Action,11000000,23978402,3.495758,2001-10-12,86,4.1,54,Corky Romano
13937,Raising Cain,en,Drama,12000000,37170057,7.558959,1992-08-07,91,5.9,65,Raising Cain
28932,F.I.S.T.,en,Drama,11,11,3.375208,1978-04-26,145,6.4,29,F.I.S.T.
31909,Invaders from Mars,en,Science Fiction,12000000,4884663,4.234269,1986-01-01,100,5.5,57,Invaders from Mars
167073,Brooklyn,en,Drama,11000000,62076141,39.337949,2015-10-20,111,7.2,1213,Brooklyn
3175,Barry Lyndon,en,Drama,11000000,20000000,29.543331,1975-12-18,184,7.7,505,Barry Lyndon
14369,Out Cold,en,Comedy,24000000,14782676,4.12064,2001-11-21,89,5.8,53,Out Cold
16888,The Ladies Man,en,Comedy,24000000,13700000,2.259537,2000-10-13,84,5.7,34,The Ladies Man
121826,Quartet,en,Drama,11000000,59520298,7.722021,2012-09-08,98,6.3,139,Quartet
10646,Tomcats,en,Comedy,11000000,23430766,7.063053,2001-03-30,95,4.9,74,Tomcats
12149,Frailty,en,Drama,11000000,13110448,16.003958,2001-11-17,100,7,334,Frailty
304357,Woman in Gold,en,Drama,11000000,61619773,21.204929,2015-04-10,120,7.3,440,Woman in Gold
11184,Kinsey,en,Drama,0,0,6.799314,2004-09-04,118,6.6,131,Kinsey
766,Army of Darkness,en,Fantasy,11000000,0,33.758281,1992-10-09,81,7.3,838,Army of Darkness
20009,Slackers,en,Comedy,14000000,6413915,9.371811,2002-02-01,86,5.4,60,Slackers
1587,What's Eating Gilbert Grape,en,Romance,11000000,30000000,33.282794,1993-12-17,118,7.5,919,What's Eating Gilbert Grape
30973,The Visual Bible: The Gospel of John,en,Drama,10000000,4069090,3.208172,2003-09-11,125,8.2,12,The Visual Bible: The Gospel of John
11109,Vera Drake,en,Crime,11000000,0,4.131918,2004-10-22,125,6.8,80,Vera Drake
9027,The Guru,en,Comedy,0,0,4.093288,2002-08-21,91,5.1,75,The Guru
63020,The Perez Family,en,Comedy,11000000,2832826,1.187671,1995-05-12,113,6.6,9,The Perez Family
86829,Inside Llewyn Davis,en,Drama,11000000,32935319,36.319205,2013-10-06,105,7.2,834,Inside Llewyn Davis
11065,O,en,Drama,0,16017403,4.146752,2001-08-31,95,5.8,75,O
13888,Return to the Blue Lagoon,en,Drama,11000000,2807854,9.705589,1991-08-02,98,5.1,153,Return to the Blue Lagoon
42345,The Molly Maguires,en,Drama,11000000,2200000,1.396985,1970-01-27,124,5.9,16,The Molly Maguires
13994,Romance & Cigarettes,en,Comedy,0,2945242,4.056774,2005-09-13,105,6,33,Romance & Cigarettes
1590,Copying Beethoven,en,Drama,11000000,0,5.062687,2006-09-10,104,6.2,42,Copying Beethoven
62728,Brighton Rock,en,Drama,0,0,3.122152,2010-09-13,111,5.6,35,Brighton Rock
11917,Saw V,en,Horror,10800000,113857533,32.943848,2008-10-23,92,5.9,820,Saw V
45138,Gli intoccabili,it,Drama,0,0,0.700127,1969-04-01,116,7.3,6,Machine Gun McCain
80271,LOL,en,Drama,11000000,0,31.763201,2012-02-10,97,5.9,881,LOL
4657,Jindabyne,en,Crime,0,0,8.950864,2006-07-20,123,5.7,25,Jindabyne
14395,कभी अलविदा ना कहना,hi,Drama,7400000,17000000,3.246903,2006-08-11,193,6.1,42,Kabhi Alvida Naa Kehna
24137,An Ideal Husband,en,Drama,14000000,18535191,4.519523,1999-04-15,97,6.3,46,An Ideal Husband
190847,The Last Days on Mars,en,Science Fiction,0,0,18.764453,2013-08-11,98,5.2,302,The Last Days on Mars
11056,Darkness,en,Horror,0,0,6.340135,2002-10-02,102,5.6,112,Darkness
62,2001: A Space Odyssey,en,Science Fiction,10500000,68700000,86.201184,1968-04-10,149,7.9,2998,2001: A Space Odyssey
601,E.T. the Extra-Terrestrial,en,Science Fiction,10500000,792910554,56.105798,1982-04-03,115,7.3,3269,E.T. the Extra-Terrestrial
13067,In the Land of Women,en,Romance,10000000,17500000,12.792446,2007-04-16,97,5.8,160,In the Land of Women
25379,The Blue Butterfly,en,Adventure,0,0,1.985552,2004-02-20,97,6.8,6,The Blue Butterfly
88641,There Goes My Baby,en,Drama,10500000,123509,0.037073,1994-09-02,99,8.5,2,There Goes My Baby
58051,Housefull,hi,Drama,0,0,0.12082,2010-04-30,135,5.2,29,Housefull
14877,September Dawn,en,Drama,11000000,0,3.646848,2007-05-17,110,5,16,September Dawn
96399,For Greater Glory - The True Story of Cristiada,en,History,12000000,9622846,5.759545,2012-06-01,145,6.4,35,For Greater Glory - The True Story of Cristiada
304410,La Famille Bélier,fr,Comedy,11000000,0,25.302978,2014-12-17,105,7,766,The Bélier Family
489,Good Will Hunting,en,Drama,10000000,225933435,43.734886,1997-12-05,126,7.9,2811,Good Will Hunting
373314,Misconduct,en,Drama,11000000,0,10.016909,2016-02-05,106,5.3,149,Misconduct
214,Saw III,en,Horror,10000000,163876815,33.124871,2006-10-27,108,6.1,1071,Saw III
10890,Stripes,en,Action,10000000,85300000,10.892398,1981-06-25,106,6.5,249,Stripes
1588,Bring It On,en,Comedy,28000000,90449929,14.754281,2000-08-25,98,5.8,568,Bring It On
316727,The Purge: Election Year,en,Action,10000000,118587880,53.727146,2016-06-29,105,6.1,1306,The Purge: Election Year
10314,She's All That,en,Comedy,10000000,103166989,8.9876,1999-01-29,95,5.7,418,She's All That
663,Saw IV,en,Horror,10000000,139352633,29.244768,2007-10-25,93,5.9,903,Saw IV
11804,White Noise,en,Drama,10000000,91196419,14.447723,2005-01-07,101,5.6,261,White Noise
16781,Madea's Family Reunion,en,Drama,6000000,57231524,5.882208,2006-02-24,110,6,77,Madea's Family Reunion
11873,The Color of Money,en,Drama,13800000,52293982,17.3393,1986-10-07,119,6.7,291,The Color of Money
9289,The Longest Day,en,Action,10000000,50100000,19.524972000000002,1962-09-25,178,7.2,234,The Longest Day
10414,The Mighty Ducks,en,Comedy,10000000,50752337,8.932837,1992-10-01,101,6.4,198,The Mighty Ducks
1970,The Grudge,en,Horror,10000000,183474602,35.695442,2004-10-22,92,5.8,865,The Grudge
9614,Happy Gilmore,en,Comedy,12000000,41205099,26.598884,1996-02-16,92,6.5,755,Happy Gilmore
8922,Jeepers Creepers,en,Horror,10000000,59217789,23.316208,2001-07-01,90,6.1,720,Jeepers Creepers
1648,Bill & Ted's Excellent Adventure,en,Adventure,10000000,40485039,25.929893,1989-02-17,90,6.7,454,Bill & Ted's Excellent Adventure
17917,Oliver!,en,Drama,10000000,37402877,8.305998,1968-09-26,153,7,103,Oliver!
74534,The Best Exotic Marigold Hotel,en,Drama,10000000,136836156,21.258991,2011-11-28,124,6.9,459,The Best Exotic Marigold Hotel
19405,Recess: School's Out,en,Science Fiction,10000000,44460850,5.699058,2001-01-27,83,6.6,67,Recess: School's Out
9355,Mad Max Beyond Thunderdome,en,Action,12305523,36230219,36.582038,1985-06-29,107,5.9,748,Mad Max Beyond Thunderdome
10999,Commando,en,Action,10000000,57500000,34.224204,1985-10-03,90,6.4,742,Commando
321258,The Boy,en,Horror,10000000,64188367,38.179483,2016-01-22,97,5.8,1102,The Boy
44040,Devil,en,Horror,10000000,33583175,30.934688,2010-01-13,80,5.8,816,Devil
10426,Friday After Next,en,Comedy,20000000,33526835,7.499639,2002-11-22,85,6,100,Friday After Next
